,s_start,t_start,z_start,vpar_start,s_end,t_end,z_end,vpar_end,last_time,dt_end
0,-0.41348091669023707,0.03636857318737005,0.7218504746559524,5194805.195375171,0.3878089323896413,-2.612295979458323,1.216605389505272,3584204.3533479893,1.1679063999121238e-05,9.879760432894552e-09
1,0.3299667098390674,0.056494468183408975,0.7703053375574175,12517171.292527456,0.33431988297181753,1.041796196481627,13.295922038964152,12533671.567892047,1.200723616891925e-05,2.5733797037426272e-08
2,0.6364563823733128,0.008712799197461258,0.19280485591337815,12390371.82634445,0.6645541682044884,-1.0922136636423943,10.562742321887681,12422144.735233719,1e-05,2.607404649173453e-08
3,-0.2907680889241072,0.36907550960708235,0.7482108199140386,-12882752.237010257,0.4740736882317193,2.5927994753025367,-10.362532089247598,-12886284.50316861,1.0294999109937957e-05,1.6487749045628855e-08
4,-0.23614743918923717,0.22511850325873983,1.5083687126043892,-1980923.2806324624,0.31484138100914194,-2.5978470588229565,-2.914034282141577,-2295571.621126942,1.4424105598935679e-05,1.8035537376618316e-08
5,-0.006643328117687716,-0.018715764560055918,1.2580161003240582,11915797.236107316,0.01422524891458183,-2.2106069664768517,19.455611084699513,11889019.178879421,1.846888016104833e-05,4.79162260020883e-08
6,0.0004753621966327611,0.14233164185568808,0.45497523715582117,-2867345.88001897,0.1377153000933577,-3.0809203796939015,1.0586301151387532,-1165361.556825563,1.956282653424531e-05,2.5284928254487828e-08
7,0.2409976714969752,-0.1216769010874816,0.4969702903919377,-11177386.049534485,0.2435088185096046,1.7611865939699227,-9.147092549539911,-11456878.425210413,1.020074825763315e-05,2.048451608501522e-09
8,0.1820432769566022,-0.2609037755230331,0.794683950701414,-6295621.135943586,0.30681932397946077,-2.6045594903362126,-6.427642801083038,-6474419.3820001995,1.2485631719586159e-05,2.4026755908074173e-08
9,-0.17238572097824514,0.2461819457769508,1.4602484302792433,-11035669.887038283,0.299733831118158,2.5707545217312844,-9.783800224367056,-11103698.34875428,1.1892780521376217e-05,2.592850029282488e-08
10,-0.24062913685191087,-0.039611494273087175,0.0029908982108034984,-1694079.118595034,0.24501205687728655,-1.246528411921957,-4.054870097993975,-2220601.0457584644,1.4301956338113168e-05,2.674912960250211e-08
11,0.13162709033563263,-0.26721585518558993,0.6375940827968133,-2883025.681927547,0.213479204411527,-1.036459798704858,-4.862245177667081,-5930626.997368398,1.5958757830563035e-05,4.437395820182225e-08
12,0.012960296617201343,-0.2122341912051516,0.8108251629628912,-1972829.3408706468,0.33092000146052997,-1.0111839159020957,1.2051306152743084,4974704.768182599,1.54072370897441e-05,3.015966473917031e-08
13,-0.10210415448942882,0.514903061326839,0.7690181820944675,-4792053.425678727,0.5089569847227232,-1.5023295837386041,-2.1924703799653176,-5727606.883209679,1.0543680934060655e-05,4.1187949550049576e-09
14,0.005885157875119163,0.12649192262771253,0.5627676593850404,-12641931.822126264,0.16176001800116782,-0.9482508870192048,-13.588528576683931,-12588478.210019326,1.3410122774780538e-05,3.247735975981473e-08
15,-0.1565663821035784,-0.43762565849342894,1.1846132867361305,-10418839.582323562,0.4622393571593692,1.3674011907423265,-7.235436853863511,-10238296.788697511,1e-05,2.233114114437081e-08
16,0.4179559121446992,0.17745386365508403,0.7179723950756953,-10727204.803651135,0.41328745591725563,2.872003335500028,-8.49895698469278,-11195744.181043219,1e-05,3.751348188567136e-08
17,0.008563348912163848,0.021915985346402756,0.9476855972622495,8340855.759822685,0.027640229834755833,-0.803172145845204,11.23529412458525,8457408.624622265,1.4579723557817752e-05,4.885687009223515e-08
18,-0.02493209726642518,-0.0847273437746811,1.0762720302802278,-2169034.470547933,0.12705568065990394,0.8957493316929652,1.6922002876710294,2128605.117790802,2.628246711993545e-05,8.701217710414656e-08
19,-0.01361246047099095,-0.007323659911866466,1.0876290315310162,-9026000.924928734,0.013692650927967013,-1.5360866617449274,-9.78575456976818,-9039007.078710835,1.4653451715181773e-05,4.8701854958810685e-08
20,-0.10203222101615937,-0.12448325322531674,0.6405202837394147,-12485109.276286928,0.167872518611404,2.7174416369845242,-12.355685911637144,-12463880.967674373,1.2438726241344201e-05,3.193488794645788e-08
21,0.21511440779121524,-0.04285694095976354,0.11251862802828809,-200286.60598481074,0.26145367192779795,0.787926213982273,0.16436261817577236,2397966.1523645613,1.611833167117405e-05,3.307206308742707e-08
22,0.29747220302400806,0.12190835464529592,0.842097054878279,10009161.230823811,0.367316976671932,-1.7352419620081703,10.601195019162885,10672124.318179183,1.1361226987701493e-05,2.1454540761030282e-08
23,-0.09088601134735053,0.27847562198409326,1.5031840737271533,-646196.963079486,0.3257107960871708,1.6505281512074537,1.457217277691985,223212.5136696492,1.3294213887497694e-05,3.078704567754854e-08
24,0.016557057434869932,-0.17979048505971826,0.06583214156808367,1815543.7563092131,0.17066232492443145,-1.5634658576683949,0.07663809705947662,1377900.8313251468,1.4970272522382803e-05,2.478908039254055e-08
25,-0.467254055181605,-0.15364920962326978,0.397577464257605,-2123358.2518221196,0.5167918448373072,-2.9181938532599205,0.33987022469106004,1118080.0631396996,1.1308601631765839e-05,1.869430902522626e-08
26,-0.07504091985881847,-0.0908321590455,0.8837308657485481,4914633.696678646,0.1202385519219279,1.8226593803899467,5.1189065947896575,5068126.7523911195,1.4026776189456742e-05,4.108955295364022e-08
27,-0.02026189468193554,-0.007952201598783959,1.1456984852041132,-2720714.515706567,0.05340612474199923,-1.973336682579871,1.5828952671700904,-804356.393413018,1.432126613847854e-05,3.1088245600564527e-08
28,0.00014482311475629646,-0.043064724599746904,0.4643141807140705,6590962.678216424,0.06429522331651102,-0.12807079158522527,7.9362087557785115,7343028.031425753,1.2930635017040416e-05,2.874032660494819e-08
29,-0.06239042360481305,0.018714319310824512,0.0540536351289502,-10733568.288921755,0.0463086899440077,2.76810110174592,-11.883961529626598,-10949784.018545656,1.3175913068582031e-05,3.338051328435165e-08
30,-0.3610307801882551,0.002787993775341938,1.444444424797143,-7028099.369922167,0.35422311970645964,2.3485439936457078,-5.037655966099841,-7055939.158563583,1e-05,2.6597388506586836e-08
31,-0.20318587754568906,0.1523925619643908,0.48237197004863186,2360868.9903954696,0.22238323375546495,-2.449305881490154,1.1801532053314305,153973.30493491297,1.2221550290577651e-05,2.524488966565592e-08
32,-0.07221231472721422,0.013869974837361932,1.0905672046335084,-12245744.273005284,0.06113509852671875,1.6917383090967306,-12.06070039182418,-12279704.643320294,1.286687976902949e-05,3.0840979257497667e-08
33,0.1077654192769342,-0.017740416643003444,1.497939533109453,4091501.4049344845,0.019300710974078122,0.36735969936305735,1.959476943621555,-2851705.4259489006,2.25128700734624e-05,5.49827519067256e-08
34,-0.2080165760009787,0.41948869546846485,1.5153610982829413,-6758299.641751654,0.4728052133780981,1.0641843182329547,-5.0712965343240395,-6788571.2950734515,1.0366565341983199e-05,9.164133549579953e-08
35,-0.27705988800306325,-0.29310083888583927,0.5684331348868812,2146652.6959928162,0.4902010499732542,-1.487433011846699,1.2051548290745415,5402054.690919947,1.2104616871108954e-05,1.7339343583052364e-08
36,0.304136538643887,-0.2152736923104747,0.5835832109452604,5647447.573251583,0.4496227332084203,-0.9730109389606256,6.110107431331215,7804550.934854298,1e-05,7.051646192381807e-08
37,0.0023326738213382166,0.05964303963947709,0.006548551402256801,4167616.7827581204,0.043938231310306206,-0.9348448924518239,3.7477775387497396,3275580.9722860837,1.070324464960816e-05,6.634383486869421e-09
38,0.014691793047559914,0.2010907602984556,0.42001138561696577,644561.7608567011,0.26998076599362364,-2.9797894973823937,0.6780605122119275,-204824.076522309,2.2447845486160457e-05,6.131943589241701e-08
39,-0.00384475265038026,0.003079806737763523,0.13831044974357007,9384380.069971219,0.004414894247475211,-3.0455494230007503,12.330843907539656,9373291.80253199,1.562751432237117e-05,4.174295443639473e-08
40,-0.24823550900690677,-0.008891869665515138,1.1529716476155958,-3728848.6138554234,0.30132936092408785,1.8040840341269153,-0.06019355130732757,-811154.1069390482,1.6159694665156194e-05,2.6693805292007116e-08
41,-0.017667606683369905,0.008825054037024018,0.9212429293272248,6874021.06690973,0.023292439598785398,0.047459058953868996,10.867634458704297,6956696.114601197,1.777299418187406e-05,3.985425491230195e-08
42,-0.13600200860012476,0.09565192979950876,0.39971838358305894,2918016.461537188,0.09103926313702836,-2.28906961724762,1.2879754677955118,-2157001.342015715,1.780831878542333e-05,2.8281598892265263e-08
43,0.0075475164387485685,0.3748459385137289,0.05450202560298709,-7884975.896870958,0.33082703401932956,-1.2757498394878244,-8.259410579554133,-8664510.85106797,1.2661625934076798e-05,2.4398050193840486e-08
44,-0.1927874072439411,0.06919372383506865,0.2244517660706137,9362695.53972736,0.20236725177874243,-0.7236593762432009,8.842924308072197,9473445.356020479,1.088692760709605e-05,9.336080074695254e-09
45,-5.972752933662289e-06,-5.5630432442710385e-05,0.9272593595479254,-7148328.267190652,0.007168054098466829,2.0242716404534202,-4.975734171241339,-6874541.849494992,1e-05,9.332096623471924e-08
46,-0.02922444942917878,0.18477461077989007,0.0735690236327398,7083063.332544778,0.17613739120970529,-2.6359637041683497,7.861472968754527,6405770.995612773,1.3236258762977327e-05,1.89438669717205e-08
47,0.07585147168100224,0.25828532174584884,0.6862768399289897,12420828.176110584,0.24599489956665005,2.94969644116489,14.175955105002753,12371175.706762962,1.3001117139101839e-05,2.500930949251532e-08
48,0.3517016751285499,-0.28193003582141496,0.40339183498133874,8423049.735297065,0.4837740301940252,1.0930403191589209,7.86899963976958,9091011.106737016,1e-05,1.1381657992318012e-08
49,0.16745674689597703,-0.1374311762869108,0.8553034981659876,8399073.693171658,0.22925609453530357,1.3819153608554438,8.701171843821703,8465961.481199821,1.0784597590978814e-05,2.9059170036252352e-08
50,-0.1996759018278223,-0.23353485644692334,1.4112985207631916,11471248.262071181,0.2917586210924955,-3.031212770642066,12.525239995268107,11350139.614732469,1.1566068713695386e-05,3.795558582328898e-08
51,-0.002608844191836225,-0.00013679305342713033,0.9250080997639282,-2845365.0567673575,0.04623459351919204,-2.74589636868322,1.4930481596278915,323252.2506011786,1.6124578778506357e-05,3.113505845344797e-08
52,0.03198740866249813,-0.1886959354763688,0.381845518470395,-12914430.171328694,0.1881613223287654,-2.660006105946977,-12.538067524425406,-12914716.930431357,1.193312574734369e-05,4.837792952144481e-08
53,0.10095842300796562,-0.10787103682248869,0.19540905836847192,8208946.038436092,0.1547003787941657,0.5530631516041562,7.659933990916131,8348333.626618549,1.0818180257886361e-05,2.272722938573224e-08
54,0.041492916188148245,0.036956628575619654,1.482583771712147,-9334908.424595892,0.0738140289317946,-3.0411810760285545,-7.91319527267578,-9008572.508045278,1.2170247219389556e-05,3.557782326868123e-08
55,0.022602387963043077,0.0045434222352891285,0.9452218655488084,6990541.347628184,0.02239919729621182,2.412003599299933,9.276765796706561,6988829.484812083,1.3846502790411359e-05,2.8704935408372577e-08
56,-0.03135490782136669,0.01289014066352315,0.15664311687186264,4578508.425442159,0.04320218209896905,2.1778563265038544,5.615496716299341,4943526.135465446,1.3267175345141083e-05,2.6333023166066522e-08
57,-0.11196463173594537,0.0471581071053024,0.28382468146662,4916092.08567474,0.1328901336708696,1.9535182445373362,5.534438761586398,5115778.69511417,1.2607656004624518e-05,2.3476367465403092e-08
58,0.05014870072463737,0.15041202637347287,0.961526283693293,7931558.791179396,0.17419492665589434,2.256023750593607,8.018216478099003,8308522.503254011,1.0113916925938735e-05,6.328718107707478e-09
59,-0.01934704163562472,-0.06515532010274565,0.13633410186612127,12635332.497553386,0.06381578667720025,2.977620436577625,10.909062233300228,12633188.843909623,1.0265914570040229e-05,6.184059768377388e-09
60,-0.1167489538356534,-0.12399073564738396,1.2505343505488147,9960513.934500135,0.144924130989192,0.857578023380702,10.332294608020838,9549228.362109855,1.1099025794535383e-05,4.1156132862481985e-08
61,-0.08650957177205473,0.12269971230309656,1.0936660904218967,-11967289.296645243,0.1308882787206282,2.46748239066545,-10.507925681826217,-12082829.746574672,1.156885036161018e-05,3.229256801721374e-08
62,-0.26328646937915906,0.3184054724895906,0.3841917727072562,-6054292.682228564,0.4493616617216021,-1.8840243084522965,-3.1970207160344932,-4100510.0145644746,1.1438346426666758e-05,3.9555898759225575e-08
63,0.1975168178869171,-0.23119033226133384,1.216001592784695,-6728348.250591361,0.30046296070941436,0.675634216457999,-3.0531926283375017,-6728642.121803218,1e-05,1.2474152582745676e-08
64,-0.01944119769110701,0.10623077155326609,0.9615228425337798,1412992.1471012589,0.09475270181305619,-0.8111910958047076,-0.6585295507422819,1966776.1936397597,1.66146982536918e-05,3.374846047801904e-08
65,0.05265323570583245,0.33223067520277666,1.0990625178221083,12661745.809982367,0.3990518426581507,1.6312230689689784,13.041118823195632,12732733.914576568,1.1285923821871498e-05,3.8967388541560506e-08
66,-0.06398626960085839,-0.09530756352114589,1.4197077702632332,-3535350.748132456,0.09841318280270032,-1.3642897642567315,-3.048623033481491,-3236244.800747218,2.1139689528990792e-05,6.240850142110803e-08
67,-0.5025647385055783,-0.18059172839129264,0.3302127077721998,-9357674.122550983,0.4810446747393162,0.7803370570777577,-7.80749153282386,-10077840.593591772,1e-05,4.261869690832878e-08
68,-0.00012315311859873996,0.01951291433886189,0.578765144724045,8904363.286437605,0.019050135198526514,-2.133097084361545,9.087643867870606,8880012.262458794,1.1688573260440103e-05,2.0412407126449203e-08
69,-0.26748129774394414,0.10630753595181536,1.0887457586140403,-6769705.913705159,0.30514934139498034,2.726545636269736,-4.764211951666512,-5718976.943586992,1.0458469682233728e-05,2.865435513960792e-08
70,-0.06260138171221685,-0.10698408664780494,1.1903013331205659,-10395908.077315915,0.13856112284517444,0.5837941790687796,-8.176949446315918,-10124275.342227189,1.1009945970716084e-05,1.4427799581658333e-08
71,0.028353777859500173,0.02060405818517586,0.07675011585085521,8943166.237961195,0.02366719209985282,-2.310727704733248,9.313094576589103,8701426.76904895,1.2726050517649547e-05,2.095733462212877e-08
72,0.14327587877405018,-0.10683806237777191,1.037652396408086,-7229157.391626311,0.1545209450686012,-1.0468486058114772,-5.169198348231389,-7703592.914195315,1.0448948156088362e-05,1.0949955026545401e-08
73,0.0176281335801546,0.22422958193634457,0.23839062946728523,2388884.912732061,0.1689461852072394,3.1266932736018838,1.047991848590185,-159757.6160726617,1.3839217418287313e-05,2.0828328124451145e-08
74,-0.09577453351274423,0.010564826347132128,0.9780655539389104,3219091.5249227993,0.09754106664980747,-2.359545302555504,1.1768005515389848,3117213.413949084,1.594975471600423e-05,4.047452187757958e-08
75,0.04458012713449911,0.0254206751554026,0.7841399089097837,-3748195.648213595,0.048393344255115586,0.43271969566276614,-5.227014673501042,-4040263.0035795593,1.599878501589586e-05,3.9650147740397976e-08
76,-0.04363342224906672,0.003391709672586001,0.48198165069525795,-2448912.5844861064,0.09190934479269429,-2.844130298285109,0.42447222868303525,716671.7189228446,1.689297975675554e-05,3.155797120357033e-08
77,0.028792083804153473,-0.04510239012926718,0.5420782653440022,10136073.310023025,0.05629290835376325,-2.4761335334273515,11.320465551362163,10163757.057084678,1.2626496995182995e-05,3.708867339597672e-08
78,-0.011980174624181422,0.09851391346344084,0.2294605114245363,-11433238.972759526,0.11918167371874863,2.26037510128004,-11.047731200959293,-11252437.034784669,1.1869963094866605e-05,2.363844229787125e-08
79,0.35359605358959445,0.08028668719195059,0.9941806215367104,12600529.415738907,0.3481705686544816,-1.0603112933991081,11.50205819386761,12595202.076042527,1e-05,7.71644815154586e-08
80,-0.09949611848321405,0.057711571069020515,0.956714794004162,-6303648.971952571,0.12026915944543341,2.116983233897754,-5.339629508972678,-5893715.809596049,1.2903166300661786e-05,3.5741874322525704e-08
81,-0.034257982383122366,0.1839393761685536,1.2971457359246379,8467199.110170085,0.2091013474819726,-2.585461209800177,9.090409937845639,9019572.13021763,1.0535724341666711e-05,2.3292362681161328e-08
82,-0.025180653943184444,0.5551723462106783,0.4988848464974341,-3558518.0433120634,0.6076147977048775,2.5065647336634003,0.9200145363268044,706681.8365922212,1.3165514277688858e-05,1.6486948370420962e-08
83,0.2796493143908558,-0.49692802388084334,0.10744603596394628,8160541.123699635,0.5481515782158206,0.34472481051753145,7.12179918943868,7743950.513849768,1e-05,2.470357203043452e-09
84,0.00991609878380494,0.008977781210013192,1.5343732620315282,5033192.416987639,0.006989735956611646,0.6760641891496036,6.918886149558383,4697893.3645749735,1.3254698283711809e-05,2.603758626969446e-08
85,-0.31621076379386953,-0.06469775981053785,0.8246060354095847,4735315.5397532955,0.2697521982997785,-2.1634775230077565,1.4207934117431307,1629651.7881057553,1.28799557547828e-05,1.9861763826088268e-08
86,0.2380681860460721,-0.1040058296464427,0.4418879312667205,-5193332.350703427,0.2797032610951082,-0.7019327373238484,-5.622168686770511,-4701638.004612818,1.2544997644445808e-05,2.5552879198777277e-08
87,-0.013501691812101785,0.01267087370882294,0.11652012985529264,1922501.1136761531,0.022092230980406562,-0.9894452119361733,3.9837283451004875,1399047.31560512,2.0411860065061638e-05,5.331095966367954e-08
88,0.09040265214410616,-0.07531925139931439,1.2141009823871045,8040354.10516442,0.12060286513301476,2.1091315960997163,9.949765649697161,8176462.248646317,1.377854390548718e-05,3.0502961919221174e-08
89,0.019280699409273308,-0.008306704057803453,1.4240822417943828,-2073521.1749626976,0.024280581012903694,2.0931650226821183,2.2942814794067896,-1439867.768229533,2.570247191691734e-05,5.165802484437144e-08
90,0.13081490951498348,0.2951821907964712,0.6275705621109586,-9654848.076696396,0.3522645217568957,2.7791825730747157,-9.493775317764825,-9109140.533784013,1.2634117271828336e-05,2.364630886998528e-08
91,-0.2907766101710954,-0.04047292509708508,0.8729276524285442,12896133.077654712,0.2840065139944622,2.342334701154218,11.821926464764475,12891877.74640921,1.0231930547601086e-05,2.6658683632308655e-09
92,0.22409964380788738,-0.06770544606045917,0.7057947433126669,-637508.3126464952,0.25829021236702104,-1.49041061073341,0.1605806570323847,1876889.276179699,2.0776361669031247e-05,2.195499318006802e-08
93,-0.3023185964157102,-0.3199564838214754,0.07398274827851957,3255805.279422881,0.4947663226879676,-2.504368628783644,5.7731700456160695,6797883.490118984,1.3775746377823034e-05,2.6165445643444025e-08
94,0.053484162659549125,0.054231488703943634,1.4199571346520898,-8379108.469002387,0.08762898780311765,3.060700458769181,-8.149211554016013,-8183823.02342101,1.3735090462018022e-05,2.9602333376287375e-08
95,0.49417232446841464,-0.32584747533977865,0.5164762825684054,-8879521.813702308,0.5621268050066232,-2.9850928578123996,-7.3271311609566565,-9652061.299858501,1e-05,1.439067002458985e-08
96,0.0005394065336775729,-0.0010717925996204963,1.3588230729878874,11752731.785058584,0.004625903846167755,1.2812085443211676,11.076465483868725,11763988.377254352,1e-05,1.055622470476086e-07
97,0.01909510204953586,-0.018414319026932857,1.2308803766593885,4920663.866595332,0.02714575198720865,0.00016750156225310453,7.985962810312502,4894646.41695205,1.7987153755363844e-05,3.3279807314016586e-08
98,-0.0647010806128162,0.2441541377532188,0.26442946743616064,-4966344.739322856,0.353042011263951,0.8797790414718527,-0.35728360352927085,-878710.9679848269,1.703566338843399e-05,2.2392424005112697e-08
99,0.2523442570550828,-0.43655330849446117,0.9293748670893679,-9484117.927555082,0.5319565028022831,1.4209666640834566,-8.193566031726874,-8984162.690758858,1.135533280764445e-05,1.7833326416374334e-08
100,0.042816272306054656,-0.07571047338515323,0.5487013755543216,4869223.972524688,0.08792731174883364,-0.8883740788957324,6.833602438926733,4864303.62689819,1.341197075497814e-05,1.7281682844707554e-08
101,-0.054045038798151666,-0.049690113636258776,1.0382413517742206,-2292745.7357164137,0.10494524739508652,-0.7474212224482102,1.1474022143632152,-1607781.0985202682,2.3658255181781294e-05,4.308427494611995e-08
102,-0.04118716888723369,0.05793385953207446,0.924365723970266,1008410.8379235081,0.031474943437653766,-2.172367254007886,0.6186399457316477,-692344.8733248487,2.6891424819833764e-05,4.903977493376915e-08
103,-0.32110894459797257,-0.08726251851618562,0.8686070755911659,-4908662.664351379,0.371594177813861,2.987538212955876,0.35169152277537613,-1853729.740804368,1.1207465979975375e-05,6.491752580512763e-09
104,0.035528253132496246,-0.13668991451053186,1.3827098706007048,8845782.152098812,0.11336038797179052,-0.08641782633444693,8.674299224340897,8079500.263274021,1.031382516562213e-05,7.654272332247063e-09
105,0.03097421864010318,0.0884338851912458,0.629024296500775,9936140.712836374,0.08960323224497968,-1.6051529659041037,10.179450877794551,9817496.778504409,1.1606058730326385e-05,4.066158684952614e-08
106,0.01168547674775985,0.0034159587505399737,1.116498995180189,-5506398.971239865,0.008868815465469223,-2.5911055213439447,-6.55705912515148,-5623447.018815727,1.6647108316712677e-05,5.4045384268229495e-08
107,-0.11839056025416815,-0.15994978934202989,1.2400695795075112,5208873.659482073,0.16683515657694697,2.4348064861172825,5.868005932098408,3520821.2569831316,1.3475339879663016e-05,1.9586208222180363e-08
108,-0.0656347868148816,0.06242108135083896,0.4129288238694029,4451699.812761869,0.10470842517008638,0.2978247959915762,4.743999568984823,4800770.839261018,1.5250234915238422e-05,4.960322342030576e-08
109,-0.030107724595842676,0.28845974661547413,0.9596069326436698,5213341.992734496,0.3424109929615807,1.5746574073204203,6.862482160433959,7035006.960879243,1.2056905847331364e-05,2.7087460210679753e-08
110,-0.12091048315813685,0.20395008773419393,0.604613753070277,11157196.35222406,0.24461964752796042,0.6028874927373233,11.114191368253891,11155819.05752823,1.1551957727847342e-05,5.6015927307461356e-08
111,-0.04311234176841995,0.30379746891889153,0.3278646753877284,-9210579.531832954,0.34714543470829723,0.07378747484391561,-6.939315111377563,-8131828.422604852,1e-05,8.879830680483323e-09
112,-0.039064328743770825,0.27608304175261367,0.16431728200570267,5861464.48536716,0.2893812433859908,-0.02686306582460733,4.510392278798843,6269217.428538664,1e-05,5.7110414415635394e-08
113,-0.08510407659078931,-0.011524459339960009,0.5493659744356308,-9924792.02954437,0.07486271481833781,0.8046373505662922,-7.645781952600696,-10010194.694907278,1e-05,4.3277868999844305e-08
114,-0.02250654261519008,0.03255668265311774,1.359029695778209,-6167049.314743483,0.023629585243385088,2.605767601531918,-4.232372075203454,-6846219.497898879,1.0263593644639202e-05,2.928818273768903e-08
115,0.0819724697799811,-0.07223454201690048,0.17659167470205991,-5086907.816526502,0.09811222904678783,0.5382055562427795,-4.46250216082478,-5842412.24546842,1.1482622057703624e-05,4.3606531108930324e-08
116,0.11705557587129505,-0.12016831929826459,1.4876882223259091,-3667571.3933178578,0.2330703507952246,-0.5810906309431436,1.2494739647361457,3794502.414564944,1.5028042401548863e-05,7.207709563178015e-08
117,0.07427898137781964,0.10040529417119433,1.4039723150450831,-3092486.448423948,0.101331272293094,1.2955183662012213,2.26465067845036,-3268841.1465077447,1.4302378085150716e-05,5.093824328450956e-08
118,0.03302790423840217,0.0034317471847098097,0.09933470648988475,140489.5531224087,0.0646852553029589,-2.3476394264490517,1.1571707113532528,883368.8756407793,2.006631602406449e-05,4.8426696317178346e-08
119,-0.0009106445337843297,-0.022404022702582464,0.9412879158150446,7634963.017645586,0.02003651295888697,-1.5256794581884374,7.1670789490854165,7523493.01268577,1e-05,8.130176170922778e-08
120,-0.2189700060099231,0.11047302786356422,0.979115132427025,-6861183.755715721,0.26615694120676997,0.6264235076338078,-6.750799446451977,-5570089.255168608,1.4550826215002213e-05,2.6705982133547088e-08
121,-0.00432201877147451,0.004352748808436095,0.3629516535825886,-9066406.236699257,0.004899962382354467,0.8862355461001659,-12.425816454658065,-9080548.392632946,1.7053681062672165e-05,3.334328163798347e-08
122,0.0747323499226982,-0.0503473532411605,1.299370423450671,-7375566.381860223,0.11134072929223941,-2.760269750359839,-6.497974433554406,-6660502.343607157,1.3690294877933131e-05,2.1693358924096113e-08
123,-0.05263073939394384,-0.10971852431351803,0.18297571030881485,7894978.887695141,0.1317255683363171,2.3884198556090888,10.422113146987076,8324463.792933924,1.4818776484337417e-05,3.39683526752468e-08
124,-0.7155428380926204,-0.35909950925090595,1.4481039254050347,-8723728.690646399,0.7700981678410369,1.0566720929674391,-6.3401687693707425,-9236457.865282374,1e-05,3.703124060727398e-08
125,-0.25618950583863137,-0.2882203239963836,0.8699173401970032,-9875128.236013103,0.41951686525391535,0.2728013555404034,-8.281933036030864,-9131476.160446081,1.1625084614551212e-05,2.1382692296726462e-08
126,0.338047616040716,-0.2942468469875604,1.421264958448093,8031928.311863635,0.36548847353968456,0.8811508884203345,8.777575308176763,5950167.411460858,1.2835371145418869e-05,2.3029639859337423e-08
127,0.08295994451911885,-0.15338498940532658,1.0685712254673911,-5243943.157235408,0.23998031090076163,-1.0946930258698246,-4.307280022981157,-2124948.1308957776,1.9950405942407415e-05,3.460606817879958e-08
128,0.017590245417100716,0.024428293180937404,0.8840402451106857,-5647032.949913017,0.01500572202208245,1.833589211684331,-4.235241271180706,-6381816.931791465,1.0224191850706397e-05,2.115017459494302e-09
129,0.03602084622184342,0.044507560129754604,0.9652818263909787,-6072553.147562947,0.05698940872561054,-2.019546097546051,-7.6544183545204945,-6103283.139076688,1.5824328877416805e-05,4.610516828626651e-08
130,-0.011404920143075495,-0.009928127489456665,1.1328755923373626,-9759397.996248487,0.02036813356719199,-0.8676582451942424,-9.203999942724085,-9643368.532871824,1.2816901066175766e-05,4.1683839941433124e-08
131,-0.26208852284356954,0.12742140987038128,1.2881234469259957,9995762.338156357,0.29134730204928005,-0.24772657502892917,10.375295434153731,10009273.288096808,1.0598630597825452e-05,2.9878405543267085e-08
132,0.36114442629339366,0.10986439912568455,0.48263720864922255,1125720.8560210355,0.38427476656800585,-0.43987171923567814,-0.4337625283222714,3129771.266401931,1.5060107559374645e-05,2.972958793900852e-08
133,-0.07632176240987293,-0.052038763530504,0.07191434339403183,12545828.204745512,0.11867483318708505,-0.918721348847423,13.783769789646128,12598701.285464214,1.313404463870708e-05,3.2646298319865405e-08
134,0.4274318735272265,0.060903090280332334,1.37243788781221,12617814.927375529,0.41104670983689506,-1.0883108288675978,11.887897917276343,12578591.295081135,1e-05,5.429222562017689e-09
135,0.16117080797408112,0.25656051323230983,0.5967041860372296,268180.8368080668,0.38815995382217366,0.5729644371271672,-0.15072856769618984,1040047.2025650566,1.3760058915642322e-05,2.8923530120325547e-08
136,0.1366069714930182,-0.016334134045143976,0.07978940244961612,-11917886.934272189,0.1383443241705679,-1.1196108666699023,-12.611666510325678,-11882362.954863932,1.2799631359481083e-05,3.076517977451738e-08
137,-0.025974757451586977,-0.14607707135791456,1.2552213833841497,3608755.925901709,0.08126623946768345,-0.9319762744818513,1.6526138708420643,-2002677.9950803139,1.795197694617546e-05,3.5481252047672946e-08
138,0.029913200550567027,0.12179616370934972,0.6109567541927597,6612854.422218274,0.0992381317447476,2.1930009508704984,7.6453772443774435,5582129.562684728,1.3527798478821866e-05,2.358989782125875e-08
139,-0.18579017005109097,0.4209565258238168,1.354178173499673,6546290.574340571,0.46529270486494795,2.5570742805485063,7.664203507462779,6600453.921322129,1e-05,5.564163817583938e-08
140,-0.5432452914298932,-0.21060251154632265,0.6956686892265866,440962.766082352,0.601813737619053,-1.4995921283980262,1.1060462941435691,1958151.2822724243,2.059877575100731e-05,3.062947535540378e-08
141,-0.0244099670381405,0.11951604154326556,1.3695372236891643,12196217.408464242,0.15733589316536628,1.3198848357789712,12.959015257665719,12309344.01540564,1.1419388921339221e-05,1.405335565682396e-08
142,0.0679254956336163,-0.027699932364220133,0.4086773186866232,-2108452.6580062266,0.12698654084821995,-0.30577355481221136,0.4781141962454265,838300.3548087431,1.4456380592425834e-05,2.5131631218525717e-08
143,-0.03410865960801793,-0.2752888919242976,1.4357398539376458,6516878.1900256835,0.30538711936568147,-1.5869915052738648,7.544338163593116,7219699.456434935,1.1953278631836552e-05,1.6299633719207843e-08
144,-0.08849311052807456,0.05250705820146126,0.17780377945133682,3909765.398583181,0.1403220353828294,1.4761837390097063,5.2141478337876945,5489329.231577185,1.4130363083894138e-05,4.747543774590962e-08
145,-0.14874749096928852,-0.0761330888933814,0.9427742511516545,7728644.782598164,0.13211535985589626,-1.5700063266594073,8.037684332321833,6494765.377545447,1.2207261944945801e-05,2.277076110176531e-08
146,-0.5407055008913221,0.09430467661063918,1.0227695844760682,-5009871.523533399,0.6009517120203907,2.0839983749995072,0.13881808160366876,-2798259.5608293856,1.1333629217414645e-05,2.27357003199556e-08
147,-0.21107863855986417,-0.35580481061365754,0.5505133947797815,10718565.307298854,0.44885907413302994,1.510922722864926,9.72012482761539,11125662.616825255,1.0145898853600468e-05,5.611494369248742e-09
148,-0.06900240195271702,-0.010760099081618318,1.3854964906590688,12776793.374585047,0.0924152586941898,0.9153961384665874,17.38973450773824,12794520.152525526,1.5080604549228637e-05,4.1035373304817663e-08
149,0.10966702608428465,-0.06424101185043202,0.27923040841188485,8041026.429951157,0.12873384604718757,0.7131461379422539,7.652756220191985,8078058.530536759,1.093001497767739e-05,1.3478477937353467e-08
150,-0.2265102996291503,0.4490648004974305,1.4874473861657096,-11238621.599685999,0.47382608943971716,-2.3753417892862108,-8.205177017781887,-11554834.587452617,1e-05,5.176049226471253e-08
151,-0.030355736700888633,0.16767774976708313,0.5379708082927125,688206.3366758078,0.22501298718692997,-2.3033925183873385,1.1117494358560887,-319935.47341755696,2.3555770694999953e-05,4.181455864724175e-08
152,-0.05661719561918333,-0.11788854257910955,0.8540926950031156,-11395407.281926295,0.1537811026164879,0.2043737501388405,-14.737657365246427,-11185856.49046734,1.646172491250185e-05,2.473420503110678e-08
153,0.06794879021074603,0.1593701971678652,0.19521939089706958,-4206109.571790332,0.2338872833910161,2.2097555711670287,1.017132179663718,-267467.1306845293,2.0092618337637854e-05,3.5940665885728304e-08
154,-0.2311836720743769,-0.3916945485276357,0.9471240944110424,-8940236.596614018,0.4413998999901817,0.9590540857757051,-7.679642451164178,-8906608.995236492,1.2731024615778041e-05,1.6853920553040187e-08
155,-0.17379741161675064,0.16959017137718552,1.3008934503985878,-7191206.064790819,0.21514568154627564,-2.0450648220279524,-8.673153195305975,-8016734.231316099,1.526986029625408e-05,2.198257412347616e-08
156,0.06424418312603077,0.006404854799846803,0.38254543140129776,-4592163.14131747,0.054428771545693116,-1.4130095111008913,-6.9210732560298265,-4724372.4412620915,2.0822064962949376e-05,3.5244011493321195e-08
157,-0.08549646984152207,-0.06315786199602577,0.17776041560849482,3103175.180573292,0.11792049995757355,-2.7733173828034503,6.107526740163625,3735654.3002141956,1.666862144277886e-05,2.6254415129050963e-08
158,-0.0014089409976644333,0.004245379404487381,0.699003760512013,10853063.914973505,0.006032122825853207,0.1640890537350333,9.664098320896755,10870704.11506338,1e-05,1.552100990189567e-08
159,0.03871504426263308,-0.0043044990063190285,0.7595545949077799,2724652.4419337697,0.06069327345805596,-2.0190640255452292,5.454179782893907,3954302.8939624126,1.4968572657281142e-05,1.8179839885146204e-08
160,0.4099980131520656,-0.17253077706844422,0.9756732685101283,6638242.962656029,0.5310610785482041,1.0377944271438169,8.097027056876781,8344158.071594634,1.1880245010439202e-05,3.5367474147299705e-08
161,0.005498959485861026,0.060291136926324734,0.3205157075140771,-463335.7610660121,0.06915899124267884,-2.236093643311481,0.9897380416858903,-1411838.6276382448,1.804130560067065e-05,2.7554007819749776e-08
162,0.15693405450081863,0.5361830451542277,0.5346917029430146,-12273204.241552899,0.6187938010747035,2.485290485580241,-9.68784782627065,-12056031.100133931,1e-05,5.550410768341785e-09
163,0.20403570101727,-0.2658611276993957,1.2682701190644916,-12354769.991395757,0.3659149021105267,-1.9962689127196156,-11.227900274522394,-12296883.255622784,1.2075253085505366e-05,3.2204622215185817e-08
164,-0.05319420830416169,-0.013221061711449357,0.3726615650441763,-8134883.700392332,0.059717491615876875,-2.0011428741529644,-10.59495128940875,-7946856.694836954,1.5999915063555566e-05,2.584242994638588e-08
165,-0.11865643927217917,0.06177601626286923,0.38258619346868666,3322067.7967905346,0.07786602882588499,2.354303772980289,0.024217812983211708,-601531.3087720089,1.366813671993202e-05,1.9721165160924836e-08
166,-0.26991315412103367,0.5419727943493754,0.1485003292280383,11926798.865936562,0.593900309946912,1.3149664311060065,10.825249457100151,11835099.218453126,1.0702975530895588e-05,4.3935970680974203e-08
167,0.009829590903629584,0.03926333250511116,0.019567779733745995,-8145543.704515575,0.035607732232986994,2.834790436135707,-10.344559087773007,-8335929.550297828,1.542242354083372e-05,2.3354485684367477e-08
168,0.009679899956377993,-0.16017678672059635,0.3445996383959835,-5730076.954606988,0.12396152708507295,3.0000373528465953,-7.177044071638421,-7229600.210009502,1.3901139111002136e-05,1.7003820864085365e-08
169,-0.05503722688266873,0.3083920575053635,0.9404362660856855,11261533.212865338,0.3213570618489164,0.21334554296628583,11.29668786908503,11470982.810273388,1.0940758675246997e-05,1.6219977159430968e-08
170,-0.019181820511420054,0.29344420164925883,0.18414085168050479,-3573968.5984715074,0.3166281731518516,2.7541783979382126,1.06667454012842,-2198044.336235812,1.638763087127532e-05,2.5623406008462045e-08
171,-0.13027112614810749,-0.22253915954401843,1.4329388019154181,4358551.200346481,0.23057826576621362,2.6602266668564076,6.163492830920341,2675704.410317774,1.3922085530145784e-05,2.678982043635226e-08
172,0.002406909487341633,0.0013799064000387812,0.1734643661889643,4818322.238782641,0.008536903383684307,-2.0037896539237434,4.287291497430602,5100839.521120584,1.0229821729923206e-05,3.830362165386753e-08
173,0.06058464377890612,0.014913769554177152,0.28611890796292166,1857069.0898762513,0.005702967772848684,-2.6022907905107906,1.0275260699103053,-1266666.4185949275,2.02800931886108e-05,2.9442922911223347e-08
174,-0.06865178392067484,0.016575157475091647,0.9723511818884538,-10681868.931934703,0.07080077332225403,1.3505370643458534,-12.534272797798913,-10625832.298006378,1.5303479374250357e-05,4.177420109298981e-08
175,0.4924185414729882,-0.11868531067312234,0.34164154397132185,12947251.69967195,0.505904512893954,-1.0073668514501304,11.138885729623043,12946543.93105499,1e-05,1.2525319255178344e-08
176,0.49508026703515445,0.291734973931414,1.4443144753824027,-752216.9449009206,0.6378623615070507,1.7722887359131274,2.3304993797219287,57147.94656199322,1.0939857530804693e-05,3.916073045019551e-08
177,-0.2151527479058427,0.037431856217362905,0.8662263972302136,4505659.513080426,0.20752031313024477,-3.060084187212402,1.029837920182054,4067865.892409258,1.3725415603881979e-05,2.1796265564659324e-08
178,0.07243946882601789,0.09784464819205012,0.6019187204841028,-10335038.025911521,0.12026847903288553,-1.9505465846794168,-8.028259002628308,-10373316.024876554,1e-05,8.93676336077048e-08
179,-0.1877396679918275,0.12390524372956659,0.8920143002523774,4795014.8802671805,0.20056920999718575,-0.8860975695221114,4.120830655682992,3804849.21857722,1.4530608330237194e-05,2.6820115817569007e-08
180,-0.1130807863539478,0.09617942088262539,0.9849619791867504,-5442398.031804749,0.15569874270166548,-2.203136722204352,-3.267315386028049,-5054521.584925217,1.0054772320202566e-05,5.477232020256566e-09
181,0.11949576931959163,0.2789213381380416,1.212098112338205,2813997.660724215,0.29902319992011456,-0.8646624345112728,5.330183068002395,2678530.0413172073,1.1630192608702374e-05,3.8111519444552106e-08
182,0.013391647463511833,0.0009817979473960338,0.1689628613237536,-3237628.3571237437,0.11933693856772241,0.1474740981868539,0.1872155377412505,4059060.8066162206,1.0939377155176217e-05,9.39377155176216e-09
183,-0.1603701540741255,0.14578614641608967,0.44705507759720725,3912846.1627006046,0.22177353459063653,2.8680620195371045,0.6367483961164798,4364889.727637673,1.225004443348337e-05,3.021148006534721e-08
184,0.0259012870979812,0.06543501509648324,0.06704106100774242,6075760.143232346,0.06613676852736673,2.3098826177802882,7.148747251541381,5935505.38416188,1.4817137615200914e-05,3.9670614681028566e-08
185,0.0246187375967227,-0.036917750568863116,0.7614823910433495,-7606047.001115138,0.037726050306286826,2.901230794850396,-7.4801446562522464,-7917258.930295828,1.2584810589499826e-05,1.9881201706886577e-08
186,0.30258152664719196,-0.24597611731690527,0.8372014387054315,-5840056.97604003,0.34797432872208833,-1.1219457641441448,-5.333631226903746,-6915678.488116515,1.1100081415734886e-05,4.089489543915096e-08
187,-0.07772147183267285,-0.13626529002742999,1.2102086221451753,-9676217.732905168,0.1815564415657432,2.0874615289162666,-6.650919142918328,-9068972.193516986,1e-05,1.6433093220750384e-08
188,-0.12895446396143637,0.14199510989973543,0.5223400715115979,8913530.957264684,0.1616253650909307,-2.359467557465362,8.066070573043309,7900019.940715957,1.0822166870609328e-05,4.327194055838565e-08
189,0.14582439073639028,0.12933314813065996,0.29070483640127454,11966637.172576677,0.17409473839011214,-0.21213530579206102,11.377193181198113,11847765.43418757,1.1257098422913705e-05,3.292367826134509e-08
190,0.08017050179750712,-0.01156240761915638,0.1471650815217834,-2892273.5194119327,0.1422983583229182,1.2083892170801693,0.6476923158394434,-1496719.3610241963,2.1437709060503016e-05,5.1516517768348026e-08
191,-0.11309914558496403,0.07754836328345407,1.5524541452726743,5775107.271661166,0.13850486257930333,2.4593949888078583,7.478927045263602,5946706.616537406,1.1027145021322147e-05,2.445583384100347e-08
192,-0.4297549978022834,0.2240447820453891,0.254567879556025,-2362548.414330464,0.5879034436316247,3.0596399093757567,0.61177668898921,5738193.502800509,1.1893181506395112e-05,3.92073490492005e-08
193,0.022395523390544847,0.03580950623121398,0.5914788540258874,-6241744.519151532,0.053531722608262486,-0.5684459143555669,-6.994317776582608,-5676206.56527195,1.4948328480909168e-05,4.0311928258318606e-08
194,0.25277383317841007,-0.30292546471448356,0.9984411649490595,12705575.746313531,0.3981321112810151,-2.0525649230037737,11.57270502076646,12688705.81530618,1e-05,1.181370500887065e-09
195,0.15253869404340328,0.030848337116908237,0.6926713225361262,-4499006.2726106085,0.11501270685114663,1.0468824343500855,-4.289739863300367,-6283991.742067493,1.1144981863176954e-05,1.9083031052949214e-08
196,-0.08287085219890916,0.13473491707992158,0.3023970159025037,4170678.048811175,0.12480677372022811,-1.2499533210871272,3.3760892324569394,1702584.0010549496,1.4179265233078872e-05,2.590681839847523e-08
197,0.21259735282939313,0.09200657570173454,0.6491562661768819,-9482500.92736964,0.19610771532379956,2.9630644577667704,-8.701039157921468,-10079480.83344117,1.1481696677078234e-05,1.4161065959391538e-08
198,-0.27269107032551904,-0.4540870837491188,0.7368247155940915,-1357706.8155019227,0.5959828240663079,-0.8702122001595944,1.586362517550698,1235977.5102669897,1.1351684790649189e-05,3.0037439792204184e-08
199,0.026728056309206105,-0.27780655997677817,0.15836362328999698,8743187.303968713,0.3181595203948411,0.8859478422148687,8.284068394767356,9511635.224780263,1.0730745997814279e-05,4.5671624863392356e-08
200,-0.02523737307500642,0.01100107817915692,0.6953020600946652,7518865.012251899,0.02364435324521772,-0.644809333634177,9.506986343945384,7392494.48849918,1.4589949004851793e-05,3.6059414184709337e-08
201,0.020017661007092794,0.07560914771500667,0.5135742521079032,12743009.313950025,0.05795418861850725,2.5423509077666777,13.909205149508104,12718810.577957513,1.2687555338830339e-05,2.7147023624548867e-08
202,0.1988712037139868,0.4661620920415564,0.5365995102195091,-11376509.210036028,0.5213462004345399,-2.8220453863762995,-8.799742375688984,-11395476.596884863,1e-05,1.560514078746442e-08
203,0.06586275982474887,0.11996908600830401,0.9880618806800038,5098166.289072897,0.1467354786102452,1.6745389115231173,7.72317333396249,5343366.446411519,1.3674567594301891e-05,3.4892518512169574e-08
204,0.06393394763517674,-0.028132832889373547,0.6609643865872238,864147.9897683151,0.07266996123306468,2.9837834141503254,4.644405233063906,1224834.577560141,1.9430113546619622e-05,3.449677772641982e-08
205,-0.17423876803722926,0.2554803000862917,0.002852844474767347,10161547.668595865,0.2992716733342794,0.5133588152977575,10.20741236221404,10121866.181013249,1.1810470270323839e-05,3.6509716296358666e-08
206,0.09198939318928344,-0.05750774706968191,1.4034834133882323,-3972109.380882602,0.15291307600049425,0.7403792725650593,2.1965829025907415,289989.19946773374,1.908269355196199e-05,4.003094393706031e-08
207,-0.029283310169822593,0.09216775322045162,0.007867512849124387,3162005.618100725,0.10382453118864836,-0.4123433911427715,4.173103179972027,3436737.5220993534,1.4736937091143544e-05,3.13704443122089e-08
208,-0.013974653653708558,-0.11594656395555361,0.7503822844490773,3496853.157273352,0.12494294639063941,2.550452615807134,5.123562154106934,4584753.224094371,1.4913351440149964e-05,4.9329268748162726e-08
209,-0.4809072917066257,0.29947438955656513,0.6274012451470737,-7675786.971458174,0.6136776815064755,-3.1024457282528703,-4.457086553333299,-5236383.45306675,1e-05,6.08786305289148e-08
210,0.014453722761339374,0.014308745093193574,0.29325015159468265,-12784704.68102788,0.020412414645234134,1.677752117895956,-16.72992740049268,-12785305.849916838,1.5942114604204386e-05,4.993373616978492e-08
211,0.16784746982687931,0.05156917746374484,0.5669345487181979,4901097.873051669,0.19005156033670162,0.28713007644427996,6.644937922975661,5913186.468244921,1.3734745912327242e-05,4.162457347486638e-08
212,0.013770781816265084,0.09700605129734206,0.360438879489455,-9653043.688528555,0.13058064262282282,-2.728874866971485,-9.42581648767627,-9064724.091841074,1.25094788483429e-05,3.9168422740960976e-08
213,-0.05999398474384725,0.038742503589451124,0.1627942019853829,-4806619.899455788,0.06520947405191628,2.795308219579389,-5.211843168280674,-5213144.313688282,1.3172584802130446e-05,3.021509335362329e-08
214,0.04720380485233153,-0.03979625693855982,0.9308766699700436,-7163846.732612733,0.05176583071300035,-2.7550484396448263,-6.731414152984699,-7560406.044507547,1.2585352161602414e-05,2.5725332571254617e-08
215,0.18828529288750576,-0.25777635967412577,0.24385302437344167,11348028.959073,0.3463584562263415,-2.591572967886198,10.472917785936085,11615408.203376766,1.0717571989200083e-05,3.7591232348459663e-08
216,-0.03557827789634685,-0.13647533469748557,0.6886698688345814,-358960.6587403193,0.13553819525749453,-1.4509232332831583,0.8080131634889345,224591.29155068964,1.3158115496906283e-05,1.9988072765229632e-08
217,-0.09003210986481373,0.04173736454545531,0.599341276786977,-360814.91239957884,0.23331110350254589,-1.6990055003611972,1.0670853785496304,2379999.6296544652,1.9846150125449808e-05,4.386611457759791e-08
218,-0.28386048897834987,0.16108800907294266,0.4540924623722004,-3473260.7016560845,0.44239767409379493,-2.83677768522175,0.9896966863781747,4492848.480944564,1.3054673871820035e-05,1.244012423276695e-08
219,-0.14696135792413587,-0.06005183018192212,0.31992281978555615,-8360055.507344236,0.12705327185899146,-0.6969493324808227,-9.451420464206638,-8965424.25291789,1.35359849573054e-05,4.9110902184797215e-08
220,0.03101329168004681,-0.1550950537613103,0.5019690144173725,-10665818.820792345,0.14759609418228267,0.16437395957462878,-9.865284078758553,-10791944.716185214,1.1430299931128564e-05,1.9865276821230042e-08
221,-0.5155984607192403,-0.23347520628704735,0.5350079587321391,256514.49490259774,0.5459683740650075,-1.4953771702234449,1.381457902503248,-3256463.3146487265,1.2516723315001144e-05,2.6215867864595244e-08
222,-0.44454403157999617,-0.13783456307352454,1.2916556570432567,-11881429.669960456,0.4786761037601329,-1.129008763393468,-8.649462940253391,-11823375.072980782,1e-05,2.0042056709433192e-08
223,0.07830868692419672,0.07068025124541875,1.4839182805123887,561785.2956441343,0.16642521855278009,2.375595186006066,2.251166690428829,3089427.229671742,1.3209242585363815e-05,1.8338529059221793e-08
224,0.20358191259035796,-0.041313772495744014,0.5317569843453173,-935737.8551641218,0.24118020231076737,-0.3302860802706389,0.4879178313015589,770639.4478330866,1.3431881821939222e-05,2.433958738963987e-08
225,0.06963984159731529,-0.26844819970817263,1.0943165692319028,-6560677.029542023,0.35110279386657717,-1.244026931906814,-4.463641738743899,-4000098.681984585,1.3746589821998827e-05,3.605202639821931e-08
226,0.1400028217136753,0.012551705189314056,0.1473525464065032,12595176.5894102,0.11715116766291873,-0.33035614699173593,11.845814208088152,12538752.519178899,1.1196340483973675e-05,1.220755595891504e-08
227,0.04113891989375272,-0.02913437043085551,1.1506413729355722,-10980178.816440443,0.04912652208799196,-1.0826004299923755,-11.015342573013832,-10969326.98009623,1.3316292786359753e-05,3.3721299268484e-08
228,-0.21209538591238425,0.1429445969124276,0.37177219632040925,-5746256.06592907,0.2925288867965829,-2.9170578960857805,-4.554917256174757,-3633925.202171759,1.2310426955874087e-05,1.897253182778829e-08
229,0.22391161637882068,0.400627422799576,0.769535517681163,-4685948.6577110225,0.39685748200293797,1.6528061919044936,-4.441494686473283,-6848253.50524646,1.1177541459939693e-05,1.6242326376819788e-08
230,0.0016235129160825123,0.1645435051140131,0.26601150987565947,-3655236.656567348,0.27637750881925216,2.1651247311829716,0.558556261339421,4488612.398665322,1.529596191344541e-05,3.416749621577684e-08
231,0.601591253935166,-0.13395006640883114,0.27588712613901945,9959116.715813413,0.6401495894517322,2.688469049203215,8.593999889510709,10389719.56956391,1e-05,1.4386415360772274e-08
232,-0.20570382962484807,0.2988447950861116,0.09079304215478241,5918197.675775111,0.3691597279457633,1.988942752852241,5.745922718513791,5737998.636934718,1.0582655171682431e-05,1.5747437072498416e-08
233,-0.0343033630352904,-0.07703899099392655,0.04566278018193426,4567492.119628411,0.1103116437623156,-2.4897907161017057,5.7748453804893725,5973308.233538508,1.3588383808574996e-05,1.6721085994959938e-08
234,-0.16431164364317064,-0.0073908772189348465,0.9542073927893346,-651402.9032294173,0.13946746609102403,-2.166591194939478,0.945321433200972,948209.4586472824,1.1653565563226405e-05,1.0021609474099422e-08
235,-0.19539352963971263,-0.21042212504890156,0.6453650667051922,-1661666.75139671,0.3799868427531685,-0.9048263866689286,1.6339409321572547,1249385.856024303,1.4151924752890012e-05,3.13772817459961e-08
236,0.188300803051377,0.21070764058312397,0.5155150921512552,3018982.644502694,0.25259930051328117,0.49452565396859466,-0.13211250391056653,-2983164.9935084907,1.4079741665733177e-05,2.8814965292877364e-08
237,-0.03508649682856304,-0.001200057088431605,0.906441785052559,8414910.615198854,0.023113930953589434,0.1901091176469766,10.469875658298399,8074177.67887009,1.4062876292221393e-05,3.3095757103353206e-08
238,-0.4957601981654899,0.05806507673960782,1.3140437037912875,-842768.6238749772,0.45102658507895876,2.386914840954921,0.7916588605436877,-5528764.125261407,1.2924067229626797e-05,2.9329864505987927e-08
239,0.48616845231673905,0.19239368391026046,0.8637512666593704,9830659.573521484,0.5258107417202624,-2.867291421504113,9.358119293628254,9753743.781227011,1e-05,8.190034227829414e-08
240,-0.04105818791295462,-0.2878498992879528,1.483937182540189,-11298776.494825022,0.27266903603292897,0.7614235071521124,-7.926837411812659,-11361797.303130548,1e-05,3.052347502180315e-08
241,-0.12890472131547778,0.048194165570887605,0.7615678735747348,-8860471.869999059,0.13610581287055373,-0.15420165702224609,-7.868870851037405,-8908941.593221316,1.2219006607184614e-05,3.073228049192611e-08
242,-0.006711705051280302,-0.006587201205261417,0.596633221663468,-9664325.007075388,0.014616042984416058,-2.174255270255763,-10.681620471141116,-9557674.679589922,1.4019262049648935e-05,5.273813016044764e-08
243,0.14154387670430965,-0.06442221122509222,0.19706445306185122,-11947494.971916195,0.17864263431066224,-0.49397707098020693,-11.700744897237634,-11844826.89857005,1.1958775111804313e-05,4.6627715668425467e-08
244,-0.00772762520661904,-0.010018860527194796,1.204918235065827,9712930.440803334,0.006168048599264079,-3.10297756627936,12.35419479701235,9593841.122387722,1.3945374986193932e-05,3.862171803593e-08
245,0.025738005745141467,0.08290605845544267,0.8351373964495753,4251026.916690309,0.10826868933504753,1.0611535517277981,6.841251808652745,5325120.7647525985,1.491035333315161e-05,4.9103533331516084e-08
246,0.1484813443829155,0.03477536802885906,0.8030482281543588,12020020.423700131,0.18036064822464226,2.1908989906621112,14.694176260530522,12180446.359247116,1.382569911388881e-05,5.133964661176719e-08
247,0.1876323315397737,0.16423381093751846,0.3515922879373305,7728329.517716203,0.22717833750246288,1.5896159024116414,7.165278099902148,6607969.921240544,1.1704495952567131e-05,2.5212047010975237e-08
248,0.019368708804161017,0.4964195281072127,0.7264057343467797,878999.9249731358,0.6035139017775684,1.6944620271726294,0.6131754500209342,4641503.332434767,1.5023277346979096e-05,1.973947405390001e-08
249,0.38988514249294565,0.3315756108106882,1.5552494085150523,-8826156.626105731,0.5812117425170679,-0.7567603788708861,-5.427557574725304,-7716706.424781644,1e-05,2.1375262820634916e-08
250,-0.022988430535148065,0.3074416714237919,0.39013073932984255,8161782.183529042,0.27048896220158974,2.789283158207162,7.369244188369307,7334455.216347174,1.1500278823638569e-05,1.461778713802137e-08
251,0.12781973129138371,-0.34589523535186983,1.0347650436779678,-5799155.333476917,0.5130663113738964,0.12709997046686292,2.5123734242437976,2022862.5543683977,1.425730924518596e-05,2.7750629043904106e-08
252,-0.01445533270481073,-0.25107178867414054,0.5086333784447405,7614146.902854443,0.28076391566052544,0.12467427490144793,8.055408983211633,8698174.244646814,1.1081396029987351e-05,1.5448514714105002e-08
253,0.1503751362615067,0.30921046204460395,0.2857434111717183,4105175.4194903597,0.2577600606408407,1.4508981925015512,0.07130306721219203,-292230.3729723089,1.5706067362909154e-05,3.4216268135359815e-08
254,-0.0579619625912707,-0.03281621019600155,0.7129570404644306,-2643650.174316924,0.21038278376051625,-1.7364763032773718,1.027187456950214,4066852.635303084,1.758175848918145e-05,3.320539372339626e-08
255,-0.06883647175678131,-0.09582708856775196,1.2911339396780603,-11350047.276686057,0.12063049433078585,2.3266751065897684,-12.303328912097312,-11325969.858895015,1.4429682131933534e-05,4.7870625583368725e-08
256,-0.4522036070612782,0.14339320383614068,1.4858625158623286,-11972325.613129547,0.43279507513407056,-1.9574704338289504,-8.64567341690202,-12135589.00553128,1e-05,2.3661903273818497e-08
257,0.1396645090047141,-0.05451284679947581,0.4935338940122164,-2050925.9172655027,0.19933449340003026,-0.7636476011776675,0.462494612622046,754336.4943319425,1.6904511628437363e-05,3.319818453710625e-08
258,-0.08906709003908568,-0.10392828904673218,1.494703170821004,4577620.573179215,0.1495681942844973,2.8390769960068325,6.6655996549450345,5336286.035430756,1.265812331880184e-05,2.9210146360459776e-08
259,0.1838137143032849,0.17708243389362038,1.3031010117121755,-10836192.876712687,0.25453534993719823,2.878444118931427,-8.335486756408645,-10948727.05906101,1.0465872145052044e-05,1.012765532721832e-08
260,4.4745332925138276e-05,-0.02700302933828338,1.056692428430038,7586040.226868436,0.01354558607352426,-0.01400314415427267,8.614373255715618,7047192.468567813,1.2434754518145769e-05,2.5362026230685083e-08
261,-0.5410497065838371,-0.16848412442526522,0.5707685988390636,-6632233.688562053,0.6105100720358232,-2.1779722932370396,-4.4260364241779335,-3706580.956838798,1.10767718590361e-05,2.833610155358155e-08
262,0.15981500312804897,0.11992499652338898,0.07161065583631121,-12380166.991783723,0.21773552172819483,-0.1401190453204187,-12.31134375159701,-12343913.315362064,1.1953208301562048e-05,3.1003306374000755e-08
263,-0.21919052904670142,0.14646226453979946,1.05034015819511,4661993.754668053,0.2563520119321718,0.5440027845350243,5.208553626204747,4971974.998639727,1.1324244474715559e-05,1.2856742472966586e-08
264,0.15093615596608267,0.3095366001419808,1.25409752780696,-2939491.6968215834,0.31154328173664053,2.9463559376673993,-2.7280431616678715,-5092704.309279904,1.2093436745159965e-05,1.576412298325887e-08
265,-0.23532221739383463,0.12338417385704946,1.277318938653316,-9750848.606333865,0.24597286463810447,-0.6505675540348159,-7.615114583455324,-9962067.179407677,1.058422090852325e-05,1.7703663894643934e-08
266,-0.013939342030774004,0.3748795504753039,0.3476707608709709,6073805.097509563,0.35383319483029996,-0.20070200426543486,4.723707853067343,6072148.573640119,1.4180620032578204e-05,2.2612294186233235e-08
267,-0.005352886684668644,0.30961785281757476,0.7304128054364627,2969870.1758912858,0.31430530116392913,1.6073909943577338,0.7141344576922132,3306392.1538828844,1.2697944465745065e-05,1.7708373941512907e-08
268,-0.0822800129910944,0.21635276988101942,1.2940304111561753,-5243870.339958011,0.2034420226526579,2.040106781070778,-4.472701671997624,-6684842.094026603,1.1058790847057183e-05,2.1175816941143653e-08
269,-0.008690334923041308,0.05367930775043099,1.1365022223143135,-7747039.91189009,0.048021016029220674,-0.2649654104610706,-6.817248661419554,-7969339.359231341,1.1879781632762486e-05,2.2924166253201038e-08
270,0.13586722252274258,0.3199024561398236,1.1606836614843725,-4231800.232362447,0.26905429535640657,1.5630256096071948,-4.175345097208558,-6839409.999900656,1.1766927067012588e-05,2.1617489088202694e-08
271,0.18690381405287343,0.37246882990363966,0.4602778425195119,-7848340.2418197235,0.49605453147086115,1.1484511012143028,-5.218667586178594,-5661709.751234682,1e-05,6.08006254558481e-08
272,0.06834748317900645,0.1454868781446253,0.8691405315433086,-7385170.394187743,0.1294593249887473,-0.2779551740036463,-6.380122610394847,-8360553.912597662,1.1088686190153838e-05,3.754090310875299e-08
273,-0.11911205674479876,0.27626630519169226,0.23541481888825672,1206314.9989756327,0.32760279898235334,-2.987843675944722,1.0632841766550234,2388705.29849666,1.2005266167413164e-05,1.4832425655931582e-08
274,-0.2987344628782707,-0.08565662657263977,1.3542972702236078,-6198983.362799727,0.3243728096457193,3.016040433753958,-4.807508039310253,-5652278.312057388,1.1119931854725316e-05,4.6663827280221456e-08
275,-0.07324881258986633,0.05682645261542294,0.44044881001629194,10180508.83117935,0.07425543147992171,0.09015116329381126,10.212423242183634,9803881.003032275,1.1765462863889234e-05,3.395120892094679e-08
276,0.2719192240489598,0.11525320755750756,1.1330258430273208,11453188.800765526,0.2959723030927681,-1.6504054935808992,10.960323783750368,11526876.863118824,1.0277881546973733e-05,2.7788154697373224e-08
277,-0.06242919638694889,-0.012944764895260861,0.9490838568959905,3393584.4001119174,0.015496516825295077,-2.8989638645362206,2.9527584925679156,680512.1064352463,2.0440000482950455e-05,2.9859718536494754e-08
278,0.0339220797580407,-0.09895937620553596,0.8927657889254311,-7660377.82378501,0.11526615308150738,-2.0877930517126733,-5.769377537516969,-7406672.153542236,1.0426812317562946e-05,8.89192328256136e-09
279,-0.42551947238251614,0.2104483547518455,1.0988510303984131,7849497.274010394,0.46569403575270574,-2.692242343112367,7.744203003680087,7278788.651872219,1e-05,4.049897113783137e-10
280,0.08347694547004007,-0.11953647307855182,1.0817476952467238,-7889463.378858714,0.13441202751343903,-1.422318352245062,-5.158900518299808,-8081678.535316123,1e-05,1.0811549985799723e-07
281,0.40946464954737033,-0.033566917756633625,1.099898676704192,457928.0215991046,0.5344784261632131,1.296393357855404,2.216274112732365,3421851.842284261,1.2964008324246169e-05,2.409328826297418e-08
282,0.1172772470032363,-0.041991802902488405,0.8357392649875975,4882958.487195216,0.16346174968762744,-1.7637879707605066,5.59934734861688,6245094.488254086,1.0037700153018117e-05,3.4272866380105475e-09
283,-0.011884495128371062,-0.0016063022748371712,0.4158307580446425,-9413112.396888476,0.008789394641454819,0.4700419239755066,-7.990978526587616,-9450640.022195768,1.0721379946841817e-05,3.4351426040086494e-08
284,-0.01386006316150042,-0.15622648138530068,1.28616875960384,6540251.42142598,0.12166059627247709,-2.801151437383813,6.33539793279801,4940224.622330496,1.0575520489827251e-05,7.19400612284063e-08
285,-0.07943996784542655,-0.03880012293117811,1.3172901932237475,6951264.70604543,0.09658896632099545,-2.6385690919819265,7.47146836775588,7251573.242735872,1.053957258795904e-05,5.995250977322657e-08
286,-0.034493498293445245,0.10214057944413137,0.26156089118198256,2127882.9923905022,0.11828148182281072,-2.6956424136480783,0.8655168043013033,3078771.8824521895,1.3729893134779972e-05,2.3743596418429334e-08
287,0.056554792763419855,0.0001756277072027381,0.15094751148739896,1942599.3767303117,0.02907838629039181,-1.6741444455249104,1.2741377255628494,1584488.282620798,1.6543379402346983e-05,3.757301290078009e-08
288,-0.007033220375521913,0.31116054410734045,0.3713633328167506,2602021.6502027754,0.265889228351878,2.5990618423607503,0.5056703575737655,1572633.701954545,1.6868404621802943e-05,3.556423916806724e-08
289,0.35559961612014285,-0.11376332321724038,0.9594879528535886,-7042522.167901343,0.36510045582094847,-0.9314275648448039,-5.395646134448071,-7242490.070393604,1e-05,1.5820931485991646e-08
290,-0.1942088779571884,-0.08245352200443354,0.1347622799685656,10722219.808485389,0.24836358634787,1.4988304364540748,10.063704450153516,11035693.322400978,1.0957053949799567e-05,3.300186033791608e-08
291,0.07482542153385377,0.2625127583122929,1.238477690643501,10013562.554658193,0.3127375900425336,-1.7551394416386565,10.225913316513987,10344182.500128204,1.0450622853762824e-05,5.4033757370798835e-08
292,-0.01499900128944579,-0.15823115866342127,1.4663967408189622,4999925.470241111,0.1311404989667973,-3.0570312659071504,6.420937074639551,3632159.6704300763,1.3229164279771049e-05,3.4149364601141705e-08
293,-0.02401215890493204,-0.05240552202083048,0.7426462502043175,11225539.47274436,0.04574269783136,2.147726976698056,10.803051657688677,11134774.433820654,1.0827558155776628e-05,1.379263592961045e-08
294,0.23870175022669346,-0.24598638342324708,0.20647364012049294,-6694827.15715321,0.379331765149673,-0.8531336225888226,-5.63585090996053,-5951993.935686066,1.0159087883588126e-05,5.302929452937518e-08
295,-0.39843639009947923,0.02601955825403762,0.22690659419302678,10344831.779607698,0.4394095866169868,0.35399634083196035,9.358898161910247,10821659.192554127,1.0370295802423665e-05,4.628697530295802e-08
296,0.1145250462165423,0.014825566853938328,0.9406255060628295,-4298681.6295377035,0.11632623439931032,-0.4069896325315157,-5.3796987934740175,-4476996.302637514,1.4839934185848795e-05,2.8662321348739166e-08
297,0.011883794977696647,-0.04569846545962544,0.4072834912715997,5826805.200271152,0.07285367794796203,0.05164263575025681,7.902307859548929,6837847.662227339,1.4346846369091724e-05,2.7100903664954124e-08
298,0.2149461896595767,0.08022948588811436,0.5067647428160855,-4454284.343458671,0.21182484367838203,0.6304356623606976,-5.004428859436777,-4151188.232651604,1.5547373694795406e-05,2.5762870074470444e-08
299,-0.27338383974779296,0.5887736618956765,0.9431472938967166,8449723.593864687,0.6234141673088011,-2.5808894073595643,8.173744285996866,7979817.2225605985,1e-05,3.037015455742614e-08
300,-0.15136776991511383,-0.0039277750857443896,0.6837286914506526,9415359.569969013,0.12100791980652209,0.553852352560165,10.190796574983112,8731630.613533767,1.264722966534046e-05,2.118675178536038e-08
301,0.22326426603577143,0.15682950093019216,0.5477799360032181,-12333679.459221102,0.24742324944081415,-1.6388531019874484,-13.277716585576682,-12354946.317374846,1.342834895355242e-05,4.230411019911445e-08
302,0.01308934796932012,0.21602355115055522,0.7867675828772007,10607383.54057119,0.19670958213405354,0.7782304576863213,12.09755453717887,10468897.136418998,1.2696381918381564e-05,3.0334281512266315e-08
303,0.07366053068553483,0.19417237941781104,1.4995279304153812,-106493.0293547064,0.2549057478693441,2.445976995802925,2.3486577040565315,3822059.276760357,1.4328489475167792e-05,2.4047163750932175e-08
304,-0.12341730926795197,0.02916995304210588,1.4144452359339692,3861813.6896044426,0.12686411614838228,3.013330383813592,7.682187046510346,3956360.7202631696,1.5646983707958646e-05,2.3824842829523823e-08
305,0.011191570063008421,0.046783234623934654,0.39255454281618773,-11612592.711289618,0.05626845746506897,-1.62932688073866,-14.232749333398814,-11557883.291764133,1.5157027485108813e-05,3.9521094876008625e-08
306,0.25136036863376476,-0.4228094844346977,0.26585236891007513,7295547.4432627745,0.4950435690919716,-0.14186361030535416,6.862816454762164,7209625.301656216,1e-05,2.4714834443277938e-08
307,0.2211690992309436,-0.5195863006717623,0.26540349627226645,-8071064.287267378,0.523945670497906,3.047752020901498,-7.29789427103891,-9262004.519740818,1.0434872661127324e-05,1.7394906445093302e-08
308,-0.07632937623481266,0.13104446248015933,0.5533836806215859,9541187.670909628,0.14508988286336807,-1.205682092975622,9.373799725410935,9308836.714877991,1.1621877380788674e-05,1.672521105042273e-08
309,0.046712862895830425,-0.12446264534359663,0.03731805393468623,-12164453.049333645,0.14020239394728368,3.0358384786417014,-13.791825202603436,-12151122.195246544,1.363864937297036e-05,3.870903588266339e-08
310,-0.021535038824417724,-0.062173263397936517,0.8203409185433829,7489509.030227177,0.05997511153020674,0.31766003000802706,9.128702606975983,7405423.332850932,1.354260579502501e-05,2.922766571591897e-08
311,-0.2717303919907396,0.07752488596010496,0.8105851468725792,11641677.234480858,0.2722553033583918,-2.9779675859733854,13.129922670282367,11588274.208589517,1.2840216659548486e-05,2.6634560614628857e-08
312,0.06628096011781717,0.19648760569503954,0.43119110530515203,8567866.576026239,0.19156258736316759,1.9130738088236388,7.065757266976137,8114072.180146087,1e-05,7.788998943436583e-09
313,-0.15249565568951248,0.2453671883466422,0.7847913980407389,-11287243.663604125,0.31211509995879316,-2.041183144661926,-8.928044143772212,-11038663.590873994,1.0402424061881448e-05,4.4713784653494095e-08
314,-0.26304283119075006,-0.48016083572555207,1.250602505281796,-4214836.296182232,0.6095449230166079,-2.7220698455043473,0.47530762374431756,603219.7088263931,1.0958583077118884e-05,5.638723983052256e-08
315,0.01793662320155531,-0.010508185470163122,0.1351867144182335,11443887.015377898,0.024534414411466563,-2.6525085901196546,10.364058048495808,11482770.596911885,1.080374440209858e-05,9.801761001202182e-09
316,0.06715582677045355,0.04855357995482158,0.7676694875996364,-8216595.451894648,0.06132182998894822,-2.936902648295978,-8.562201064210901,-8817675.82324292,1.3115989273529557e-05,3.3935393798813633e-08
317,0.03419798398614435,-0.04815163105132226,1.2756989191873886,2122736.853254402,0.023921614380687666,1.6424230105853697,1.8350892078050989,625379.895676624,1.0853212983386801e-05,4.611962072361081e-09
318,-0.1014448843283828,0.21365110848919014,1.0685447860906876,-10863008.656533951,0.20493293586898584,-1.8021876407114923,-8.355735674887741,-11216918.145961301,1.0243468638706871e-05,1.4321684629815907e-08
319,-0.045527198577226306,-0.1187084701223358,1.0028828627126323,-6732035.661492879,0.14979093998326384,-2.0987080387371555,-4.883201439621655,-5953441.780373467,1.2303725292492478e-05,3.674186001704098e-08
320,-0.04912891174811817,0.12713108005063975,0.6440814932536608,-12632594.611351363,0.16667941082465293,-0.46916577214070837,-13.422655227219966,-12576517.61742287,1.3341170043407464e-05,3.707265348408364e-08
321,-0.00018338282064325338,-0.028274240501262263,0.9483478383753849,-9166187.327030428,0.02558237562573887,2.191538871636678,-7.331397363476462,-9243833.515883394,1.0956793227996073e-05,9.664578060566382e-09
322,0.07398681346348113,-0.11040208073327037,0.3578861833045333,-8677580.12666792,0.11547751736736184,2.042410183181596,-8.595245246822891,-9022762.718566814,1.1967148127406433e-05,2.980527465767321e-08
323,0.010309642975349628,0.05303853072338365,0.7321825784161906,-6427601.967606763,0.05617653747139835,-0.009557980149318308,-6.670472609941556,-6573325.333549548,1.3678524818893702e-05,2.4055184908381845e-08
324,0.37737119852881335,-0.5890256682378241,0.6502438515231052,-3529862.7937691417,0.6545443677151284,-0.07853251292762096,-4.065573478005722,-3835791.7791833435,1.1889219005782377e-05,3.422109371564811e-08
325,-0.24098646726058182,-0.40141827914042266,0.5503950169085485,11675718.60520143,0.4496348525544303,2.9101989485437314,10.922561325117513,11575011.209920727,1.062000736525995e-05,2.583364021916457e-08
326,0.019845796037382533,0.07667696840338752,1.1158478330985049,6690492.386044279,0.11059336079397564,2.6704973323506707,8.53022802188423,7734541.839162877,1.2439792546987357e-05,2.836968077892275e-08
327,0.25931229369459136,0.365793879920685,1.5519681507908623,6726411.749937993,0.4023600707380404,0.3407477869370428,6.781895905356635,6170396.688618349,1e-05,5.594268518394539e-08
328,-0.27367991964142824,0.16412114143159576,0.8459066184001187,11722273.5426105,0.33925094838951864,1.3859027189958903,11.50634592462573,11751452.71871147,1.1042192331591048e-05,7.44423093993605e-08
329,-0.17961672392483724,0.4091386206232348,0.2187284890143254,-2474412.1578211915,0.5745954711013009,2.909007100589305,0.8772982681689725,4866957.391496689,1.1573242643399946e-05,2.262927594397596e-08
330,0.08663547740513144,0.3108789969008383,0.34046283535629746,9035913.477923516,0.26931644870785826,2.582541433485427,7.448920855799742,8050904.906098782,1.0234173863733017e-05,4.683477274660327e-08
331,-0.011906641478846635,0.06029869963926147,1.4310470781344675,-359711.5139820017,0.01898997131265326,2.1674371467138913,1.8114479298276172,-2845103.7416227288,1.599634581891044e-05,2.6537114403016008e-08
332,-0.06970820329834997,-0.04171550223718046,0.53797392549637,7431800.2996895015,0.09769897062993327,-1.454047038354035,7.61374955825103,7797653.402685256,1.1531972985342947e-05,3.544878758134549e-08
333,0.1856826670706986,0.0330295071178341,0.9024806317699487,-3678987.2047371734,0.15672863867857334,0.6497991318280963,-4.308002225342928,-5790343.698358202,1.3249606714744501e-05,3.475516862950366e-08
334,-0.2144177204161592,-0.1193123382324991,1.3676541051323452,-10904859.744356023,0.22096630995546318,0.08848961806531766,-7.810004839653364,-11196801.080655048,1e-05,9.065705221778519e-08
335,-0.13102494994847227,-0.2256440886889697,0.08496631951573876,-830628.2387148719,0.31363094941968317,-2.6599407719816073,-0.2600246617410558,3426013.01001737,1.2208337393627618e-05,2.287320744346831e-08
336,0.0036909975798586642,-0.25330492068380395,0.8333439685871122,12039507.360369377,0.2609336705894806,-2.312771695164502,11.957921990003962,12145713.219465636,1.1144765090048077e-05,2.787670068538141e-08
337,0.20955142754834222,-0.127282812344292,1.1720417182449867,-10558538.742876124,0.2487810657657045,2.639744205356485,-7.530793040494363,-10427957.259045638,1e-05,6.98468936514144e-08
338,0.0010076467505238048,0.005176219425325973,1.006916783611484,11501536.98384228,0.013357200043379501,-2.727900431044152,15.025737063336482,11558022.940785883,1.4685530018652872e-05,3.7081233198380176e-08
339,-0.16924689463953105,0.21116815224759428,0.5620976742652376,8527047.315966852,0.2673769690948332,2.9874397812271307,7.1947519338478445,8411605.592043608,1.0259952357855701e-05,1.9996335219669273e-08
340,-0.06786800464489032,-0.17089660988249983,1.524972604806382,420093.68190918677,0.11528393341370352,-2.4716010014046725,0.8552746507422428,-3947124.3937500063,1.562650654636274e-05,4.191601545018615e-08
341,0.13031441163616508,0.12920503339892994,1.1592869714231084,157230.5145741701,0.12068821358042592,1.0697133006663992,1.4960649584274237,-3418030.8995135855,1.3189895201465015e-05,3.178726953455649e-08
342,-0.04111808226208191,0.05743792895872728,0.25156682258768753,-12368391.320645925,0.08535055218658479,2.6229596399888857,-11.157688243740557,-12319593.297450934,1.1022883057780143e-05,1.733700097932445e-08
343,-0.024695152940200592,-0.059539758708237904,1.1952143948106528,-1614253.579208549,0.0932499935453787,0.850618747051517,2.057139998024926,545687.9231179631,2.077098400413047e-05,7.532156646244995e-08
344,-0.10494489726152917,0.0788693941768459,1.3458101062175147,-8139450.206246379,0.10192837942291641,1.114742427307169,-5.812769079046711,-8850604.145495545,1.0042714205145372e-05,1.8571393541465822e-09
345,0.11675240488259953,0.15137839651583904,0.1363419374846076,12239315.703516677,0.1653697515531972,-0.955037445306228,10.390387036672388,12172961.295362525,1.0126753337235525e-05,3.33561413777695e-09
346,-0.2188896039920436,0.20418053733014713,0.9640258907948834,-4194650.979515918,0.36180478111195385,2.487684869471082,1.1837066805170686,-1696723.3791405233,1.3146246570248171e-05,3.6584262444746325e-08
347,0.013508148874246192,-0.34238133130415893,0.9638636568281608,9022240.304724045,0.32167335675561876,-0.19207434632100617,8.073444886606236,8816403.636260394,1e-05,4.743262653088398e-09
348,0.008906702274912586,-0.1738888746133454,1.4664735951822925,-7415453.996392976,0.17321821742802318,-2.7753774746663287,-5.638684607765146,-7649369.950469654,1.1945471837183802e-05,3.3316329146706035e-08
349,0.06378373100158649,0.048461233613063245,1.054463231565335,11423357.746878497,0.08161434217926876,1.4441152370783272,13.955542938890641,11445138.682368455,1.3511505414445985e-05,4.1695588869284e-08
350,-0.042866014017440404,0.010022949351517787,1.559123164348609,5035303.875676893,0.045755437291661455,-3.137097761889613,8.044068014235782,5160027.167779044,1.4016747741888726e-05,4.002967422114452e-08
351,-0.21702827997270838,0.13643115282982612,0.33257348566407224,4738603.330586761,0.29968694425288556,0.8689508707400319,4.830156462999395,5833228.1003393335,1.3798181488729624e-05,4.677401075255196e-08
352,0.02365956419590815,0.008344049523018907,1.4036396918098357,-12291294.315194335,0.032126043564905185,-2.056640961155945,-12.57924367762193,-12267859.721049238,1.3609427717020364e-05,4.7630391602265366e-08
353,-0.04701213664323135,-0.0628796905062643,0.2353418742806305,-10861399.59265424,0.0759052186754413,-1.274457309092655,-10.719035321010944,-10894077.066260071,1.1919887648826513e-05,6.856741602951829e-08
354,0.044520390735109806,0.026487890326938334,1.3540592129003524,6572121.598739617,0.0604760633997799,0.9638881243587547,7.917348649149865,6879926.236984014,1.2090305310505843e-05,9.076575426844477e-08
355,0.008900119763173661,0.0091732409442238,0.49398442499203177,6393230.128565468,0.006937162796797026,1.5048118043029408,7.234360087207095,6118003.719164117,1.2944156875823697e-05,3.0757667834407577e-08
356,-0.16183414705443205,0.008033275761072253,0.9287531165903791,9075948.51563305,0.13505487759146453,-1.9954385457152752,8.149858927068363,8262975.102656386,1e-05,5.906968367362013e-08
357,0.06643416470517897,0.13265156326995214,0.11328848713171999,3015598.4435444865,0.10099968198427503,-3.1119108962764246,0.9885902506695474,2886746.320077364,1.6829564297548858e-05,2.2970739456478675e-08
358,-0.055578217502093026,-0.004396904459203189,0.5786150604783372,8099859.791063499,0.061780736794547146,-2.47383823700892,7.200259415034587,8220406.970194318,1.014775469089151e-05,5.4723959589447546e-09
359,0.17689450640102206,-0.08049763774975556,1.4463002799708085,-2730555.732397793,0.24346251747894423,1.0830000979260557,2.108286902201834,-909246.1253787802,1.761294299498546e-05,7.104679259991224e-08
360,-0.07571980139523972,-0.28863955890740944,0.39298814505627805,-4314769.191372808,0.2719673114833858,-2.1631514282697037,-5.67469789135768,-5636258.431670759,1.3100409928096245e-05,2.2569299841333882e-08
361,-0.05598949254691367,0.3198431380241492,0.9602742872396767,12397075.955351755,0.30358618778258384,0.8642244805341152,11.929964273391432,12376862.595810875,1.0569351016132957e-05,1.5815306003693234e-08
362,0.008830306889860307,0.012626578319327196,0.07100525035073522,4888255.167706706,0.01213603548824796,1.1142539365519344,6.278887686350647,4732334.242097927,1.6129244201425893e-05,4.296870848656713e-08
363,-0.03750538442149865,-0.005692720161053983,1.2037885102250185,-2119099.8174699433,0.09661195698228037,-2.2773033063571297,1.3775231307581826,1956310.0912070076,1.204533640652569e-05,1.5150640048338442e-08
364,-0.02777619207177601,0.014170063076434333,1.0479114092303405,-9259464.43947987,0.029797114337968087,-2.3812436873263674,-9.683427428258616,-9266039.439962378,1.3933391045723616e-05,3.790154269504017e-08
365,-0.07589963782060379,0.0011288026634462204,1.052258797562232,7258636.977176826,0.07632725568785796,-1.8482832819866113,8.622613043000007,7000438.065298867,1.302596998715522e-05,3.602345222803829e-08
366,-0.13471286308398908,-0.44099865663584253,0.8768069935425646,9957239.232010815,0.41032492970796064,0.5128654201390335,8.883658068779956,9175464.062942114,1e-05,1.1987809460400718e-08
367,-0.2992377867313549,-0.00868167269349478,0.723637254104287,-12946395.77218657,0.30412520018297073,-2.3977651328694085,-10.228004958274742,-12945373.766206179,1.0092823989118274e-05,3.0941329706091206e-08
368,-0.02876351778710777,-0.0990488589927606,1.0299752963426891,-1717082.4566226993,0.12359377021127124,1.693916680574818,2.186826965523307,462888.1718706694,2.861312465799998e-05,6.998352503998014e-08
369,0.46524322803853285,-0.25635764268731553,0.14548867447470518,-9169644.878246276,0.5539580860013852,-2.4752122909729954,-7.347657572719596,-8845820.54748631,1e-05,3.3746700580091984e-08
370,-0.12483169032544707,0.006834908819894748,0.6485302739758247,4850156.018623695,0.07885272680764437,1.846726753950066,5.9740848411767145,1878339.9727014476,2.0075506481378742e-05,3.406868060387524e-08
371,0.08183824002385304,0.0046409754524741305,0.07658732521419435,12606096.480175756,0.061628646415705805,-0.29035371507659075,17.982298240371403,12559666.925485699,1.7166462628929046e-05,4.56377612641512e-08
372,0.00463477736162679,0.010946031436291628,0.09438034574353446,1654566.8563523032,1.2811117748253676e-05,0.5931024711102505,2.9842101994240102,1035472.5727273521,1.8308702301598802e-05,2.198869987695595e-10
373,0.12517515756551734,0.03961067751447265,1.1851514273399157,3311103.419900369,0.15690311368170157,-1.823496806482809,5.522147015615098,4063387.0928865112,1.542908417502309e-05,4.3432673400184654e-08
374,0.020515210815421653,0.06281124657117053,0.9468560308843498,8673940.997982427,0.0930761908038327,-1.4574121798990436,10.555935907702214,9237874.182910012,1.2974866709143572e-05,2.6561309903067596e-08
375,0.010796123964101954,0.019254592040491115,1.1289567731648609,1899302.557006875,0.021402762813381736,-1.7140706466154156,5.022928249412801,1789442.6986168239,1.6733721897559075e-05,2.8308080476137982e-08
376,0.062429907043464336,0.13390148627472476,0.9778083504628704,-1903395.9522680715,0.12328408808383998,-3.0445532465100635,-2.7942281629297705,-3496411.4558916967,1.351157705142147e-05,1.8210604360758826e-08
377,-0.12908751543577515,-0.23823349970635552,0.8060458015397245,7202796.361870069,0.23404327034508865,-2.4180257417325492,6.429643876160443,5787835.720420993,1.007338169706924e-05,3.669084853461993e-08
378,-0.22004787215517763,0.048000660163328254,1.3984952761100367,12095717.939239241,0.23342343302281743,1.55056105972665,11.966270364208599,12102679.21482941,1.0456540518857465e-05,2.708609225202368e-08
379,-0.050198768671292,-0.07239343473973177,0.4204092165438011,9531821.89156529,0.09395555834599328,0.518125467016408,9.103337002693822,9646370.833317272,1.0764847100598062e-05,4.9316073174207026e-08
380,0.09929317236216213,-0.00158955167890024,1.1793372130524098,-7800639.866197703,0.10975823692131458,-1.5838107823240826,-6.093133578378308,-7389058.616651048,1.124375506899383e-05,5.7223662443581316e-08
381,0.21656370058242805,-0.23645292558783404,1.114793705908722,-6598755.260110712,0.3384792645046796,0.3932699005766664,-3.460202538324181,-5482701.394715099,1e-05,5.974251871704971e-08
382,0.09775754317198823,0.11466442904548103,1.0423380804823956,1642373.0190661848,0.20114291520674754,-2.081881993979788,4.38232102711347,4893783.365379581,1.1742773499061458e-05,1.7289378099970542e-08
383,0.03812101717943955,-0.02130764544132093,0.2438192005544242,-4735138.532263037,0.03283420959871979,0.6716622551555717,-4.5862657813686845,-5257514.819644624,1.269376540951009e-05,3.040031811141598e-08
384,0.2829728157118224,0.22822469682040605,0.9469966499562547,-6191397.592205929,0.330929559454132,0.5493961817414444,-4.964054894577531,-7012270.518168252,1e-05,2.6547794463796306e-08
385,0.024863774395872423,-0.0015120900197608676,1.4010186367945219,2694162.9887277037,8.235240136281737e-07,-0.617440498593631,3.9561782070660048,907507.0312816772,1.5521574051442414e-05,9.02039857922152e-11
386,-0.03038385322859474,-0.0653375506548922,0.4952534285206207,8769717.146936297,0.07532841482150385,-0.10609529788014219,8.295121041979,8881958.464402916,1.0511961869143745e-05,3.938168224182646e-08
387,0.05210414200397613,-0.02883421137484489,0.48228507056745146,-1637738.6629745997,0.17161848053664377,-1.9006921952996931,-0.5560831680648273,4735776.868257204,1.4083382644322278e-05,2.3263490205302534e-08
388,0.015610913308937699,-0.06623200038212058,0.3911693825666083,11900739.521940295,0.07332792863796503,-2.5304469549796376,11.441930236574429,11933513.212985374,1.1129085091228968e-05,2.454532807019493e-08
389,-0.05823031355906995,-0.03861708159941088,0.33426216654266744,7360027.6155646965,0.07763476743603487,-2.1401587429671554,6.860830275467658,7544119.118164409,1.0270585693048461e-05,5.7571424052863944e-09
390,0.15176443932313735,0.049679001450473444,0.3936991150467752,2347449.920409318,0.1961673108003925,0.6215327305092421,0.2937674773702321,3775475.740373021,1.1044123286202932e-05,7.791964822409934e-09
391,0.01676087149367281,-0.03017102609180605,0.602299389148883,1461131.9105539396,0.03462761681938415,2.2074805817763425,4.622325819688576,1685270.4848088734,1.9092470188391652e-05,5.528460653208842e-08
392,-0.025756463182545354,0.125597879418091,0.5675883742982777,7357978.548067249,0.0896823438784887,2.9562761997400826,7.840219425240252,6160750.240121715,1.3036134433203874e-05,2.8553129275367482e-08
393,-0.03678963252865671,-0.15771794805737224,0.807954420277177,11450249.75618472,0.1400832020495019,-1.8827712405013137,12.68098076956383,11326978.890586983,1.2548256772954925e-05,2.833506262874073e-08
394,-0.38695788642638174,0.047163210698583785,0.33549860441614043,-9002161.679298136,0.37539070922395024,0.8513097593599558,-7.34467797742268,-9373619.739144191,1e-05,2.8648135620952064e-08
395,0.052544178991160845,-0.20788931218212728,0.9681752840094512,-1071159.2864086404,0.1563162389294938,0.0914992584162324,1.452793961500076,-2263393.29939317,1.8779165261959964e-05,5.663977588361332e-08
396,0.35799733585518917,-0.11166377162928488,1.422610529476437,6519561.183218949,0.37551799111950757,-2.274090041322718,5.557041769398504,6288089.992232818,1.0745676954473448e-05,1.1836142134499157e-08
397,0.05940275561839893,0.2302873222614382,0.6831335193617296,-9170647.638757296,0.2279926364209392,-2.271770250401578,-8.5351916767934,-9575357.039685076,1.206182285043091e-05,3.6582260949412675e-08
398,-0.17752762321236817,-0.46016188653554596,1.1845353777836964,4498079.685608223,0.5291677114329189,-2.099812865226952,0.7739979830819108,3373528.55323648,1.5761787257215358e-05,2.9709707792094336e-08
399,0.2133912554519681,0.01861244418277821,1.0099957359177496,-2036558.7085669078,0.22420071311443043,-3.0138449289515163,-1.4938061788548727,-868991.4089211967,1.3726261872015672e-05,2.1943503209687716e-08
400,-0.011359596326227043,0.08960504700382953,0.0009427042103952459,3831246.2153557576,0.12246540136109656,0.3729769443388448,4.864092249312161,5245878.481944098,1.447690920943242e-05,4.2347669231254454e-08
401,-0.005799352039823324,0.006552028212710169,0.9253014897315366,-5314032.726742464,0.017707560660550327,2.3892553724297243,-4.850733017848246,-4885586.504448735,1.3310216729716398e-05,2.9197027498130956e-08
402,0.3282236381546598,0.19100162718602476,1.1974109836745888,-4555890.465312604,0.4099054663789188,1.1962973930244243,-3.808734852693634,-3925479.2118981383,1.2166355816188979e-05,3.779997400398071e-08
403,0.2060714929839361,-0.14054813933678542,1.13198764627677,9126042.444367807,0.2289071906983336,1.6836994610887444,9.213023692297567,8430047.914997086,1.0943864465280274e-05,1.8507146378044564e-08
404,-0.078893026977067,-0.30928258360065936,1.275790421621993,-8859690.812262136,0.3234441779962192,-3.0581045656433017,-5.698868334199488,-8866728.140487427,1e-05,3.481147134896134e-08
405,-0.1322908784456942,0.23558638104234858,1.544183087215157,-2353637.001483023,0.24649100675427454,-0.2521917889284952,-0.34760970074546227,-4925254.30164998,1.0146021181579828e-05,1.1775901740308673e-09
406,-0.22619757875237745,-0.01923105311636662,0.21588894937336578,-7049171.756891759,0.21987317587597038,1.8879390708821826,-6.790064587905447,-7026626.756797662,1.1140348284600033e-05,5.2857073814551115e-08
407,-0.05464297304165229,-0.12646597335672308,0.7260730625181575,-5149988.9857645305,0.14043742983429955,-2.0432168348023154,-4.9278247280307195,-5390430.12994119,1.4341840850681284e-05,4.9399324661038225e-08
408,0.21898041927677953,0.003992691041582761,1.3409758434851011,-9687886.190150606,0.23068659144887838,3.1039998883177526,-7.478811658392773,-9431627.65850359,1.1143422019478797e-05,4.698566259915633e-08
409,-0.0013022540999922537,0.22521086653732383,1.307147633782782,-8870216.56966738,0.22162778171129094,-1.2086178877455338,-7.167018971454512,-8933565.57170037,1.0931708987823085e-05,3.7528221947469936e-08
410,-0.3054516295984968,-0.18775197613090694,0.8242110154495547,4886376.010504287,0.3403567942441253,-2.0109079222115804,1.2514794267024776,4373686.153013447,1.1944557863968366e-05,1.4775478125008653e-08
411,-0.30945762725729314,-0.020273487214908414,0.937340019713008,8862068.654476851,0.3052920412568662,-0.9555740523804022,8.934194089006029,8656407.157171862,1.1659028362206951e-05,3.394579016685523e-08
412,-0.03941034997007017,0.1476260580230142,1.2606268946388817,2132076.8578611426,0.1824679106499264,-0.04839270985594968,5.825840275203774,3723886.016918494,1.554007080241832e-05,4.8597112301915104e-08
413,-0.22053521704827847,-0.2444657233695466,0.8158019918262879,4982273.105670489,0.2698961534963375,-1.7221972731576203,1.4900257178802552,3328956.997352769,1.689801163673769e-05,3.3724264974108446e-08
414,-0.5651242497898722,-0.05076034730977723,0.5126774353099433,179968.85874503478,0.48208891927362574,-2.190436621059637,0.9179145473217207,-3687479.7049156837,1.3802165211439462e-05,2.2902211670979108e-08
415,0.3565297793590336,0.11313157081871018,0.7665912301696814,-9396257.110026907,0.3652106131070562,-2.268700940672389,-7.411334958293091,-9495285.008127071,1e-05,6.05073446844535e-08
416,0.020172829621672186,-3.213904431523118e-05,0.28290752621389337,11434414.94251465,0.014669792510076683,1.1544025687016068,13.853025722057394,11385864.91710146,1.4340340722237892e-05,3.878288340691581e-08
417,0.025458687194852336,-0.0160638706309232,0.0910857226522458,6492813.783851005,0.018004060946951835,0.1508518980965843,7.213794988178498,6002653.982466675,1.3602771950953456e-05,3.5783032403978025e-08
418,0.4696283219133321,0.17606530878447713,0.6508808945467447,7072250.140968874,0.5030319743248719,1.160184981270074,7.125578860085686,7071676.753170265,1e-05,4.054042550823615e-08
419,-0.07749901969986905,-0.07030206824404972,0.5961627803139191,5972878.080579124,0.0908327563837157,-2.7888702964849856,6.237189162076993,5241675.156950009,1.1534713495344548e-05,1.7435153157731997e-08
420,-0.1364562333542467,-0.071294392150478,0.6468939856808993,-10975533.321364585,0.1600442212268365,-3.0505909956730477,-11.398614708897727,-10882595.201932259,1.3205163063253006e-05,4.713475093019125e-08
421,-0.05565822575470424,-0.03273216294421324,0.6153188547001504,6327966.581886597,0.0769650314865412,-2.0064430445415202,7.283231562347705,6719763.793812468,1.3160145907435057e-05,2.2451824644295007e-08
422,0.13109893228717956,-0.03658672001145662,0.23298010572846808,2651113.6230709683,0.040540292247754024,-0.1405802146015668,-0.40745945569331077,-2207592.773160901,2.1088151152939712e-05,6.40933592655469e-08
423,-0.0026160986605339616,0.004173299889199931,0.5578782242589119,167514.6257506963,0.043194979018355645,1.3014972655032435,1.725915695660155,-1390946.9738840824,3.060231245891484e-05,7.216117413215251e-08
424,0.021342868782586222,0.014458149730080002,0.9414705689759484,-1981824.8219533619,0.010218829798583398,1.9280788647572142,-3.0756804984560726,-3053027.7965325397,1.764079480264405e-05,2.825391614744188e-08
425,-0.1399135386632157,0.26804764932298564,1.3922515821914423,-10748335.509260602,0.257497996726953,1.7393861397608432,-10.538026286263072,-11227201.370223012,1.2936818636682581e-05,2.7867251330557756e-08
426,0.2691568822239695,-0.09414917046513636,0.012795138291533116,-8464868.336065523,0.3224023473199674,-2.829220662732551,-8.05298241809077,-7357034.293883624,1.2440847805524706e-05,3.437813810598176e-08
427,-0.05825765163615892,-0.029759106667714516,0.02486180401791623,-12026797.299598746,0.05078141373609043,-0.8184355473159876,-16.197263954138243,-12097130.283083329,1.6098042821742047e-05,4.7053652228435357e-08
428,-0.28035256030550376,-0.5112652993949547,0.5091664329185336,5619300.840402376,0.6063505024498989,-2.3879478118431923,5.883097411328374,7408999.418890415,1e-05,3.985879104031151e-08
429,0.011005887744723547,0.002525962053200761,0.8681232898059023,6044034.662464172,0.01194211059079153,2.655394882840231,9.46349396232378,6158861.051197863,1.6273780515151363e-05,4.1354377077737824e-08
430,0.2949171315958584,0.19463802899519014,1.0861537945419797,3235715.6072429568,0.3961209113135109,-0.08595479318762218,6.421472534112804,6186732.076920117,1.4039400197557897e-05,2.0632209492826797e-08
431,-0.07839600231217146,-0.34481319423366374,1.2072957758456948,-4898168.335749559,0.37952412679030834,-2.1130397564247727,0.7616728479171185,-3811252.102115675,1.0697702610812045e-05,5.814188423433698e-09
432,0.08122255800750562,-0.3667938804420628,0.06109162852878792,-911826.2637548093,0.3898469620317499,-2.451127488243603,-1.0841038953718682,-833380.2116047064,1.4217972858005246e-05,3.1215729642122266e-08
433,0.00626220391936205,0.06532461008002391,0.15844795233856526,-732953.3642729446,0.03580031399217908,-3.0148145753154383,0.7276470160139626,-863784.6431778815,1.2064063640048782e-05,1.4434011468872595e-08
434,0.1549796339362652,-0.33717527301011974,0.10438643220756644,-1904590.9814409092,0.3326856077133993,-1.99602376930744,-0.792570047789856,-3866088.3553466606,1.3397319357690824e-05,2.071223139839287e-08
435,-0.1603814756853445,0.0577049449966454,0.9597924991933147,11678153.636514701,0.16264529409382317,2.48893952939113,12.755334498837797,11573880.787099859,1.21891223861393e-05,4.536869250574134e-08
436,-0.0332430073185159,-0.008701129640195785,0.43964951628842935,4940311.184367735,0.025607134087857725,3.0937249914540232,6.30648362044735,4478167.15356401,1.4136630107488086e-05,3.691578719123195e-08
437,0.2259204083751369,-0.31031060128084526,1.4861871702478495,10845597.910094798,0.3604233640989344,2.2346727698614504,10.322373171838953,10685371.312482229,1e-05,2.6994440605324543e-08
438,0.03623390189160739,-0.05677941437861243,0.7493880847139596,9783993.915112354,0.07336988604799685,3.0301535972830194,10.586700806251717,9937221.36919028,1.194461972793243e-05,2.5426885582218317e-08
439,0.21086724240541374,-0.06766514296557072,0.06126121687003687,12572480.805305392,0.22317572294808372,0.4185258821585217,12.713291636603763,12580926.714476435,1.2136700329791568e-05,4.307577678773543e-08
440,0.0001443551890740109,-0.00023860314614959673,1.0923834511313737,-9747062.485109732,0.0060596004158189175,0.3569619622434158,-7.023521994435156,-9604050.678431774,1e-05,8.163521266060992e-09
441,-0.06108618765025159,-0.012976899774487098,1.2645197219528184,-2992251.7611783408,0.11247674900838718,2.8322850991307127,1.4076425687460317,-277897.21193898434,1.985593573803615e-05,2.088220309431933e-08
442,-0.00024680685811120804,0.34556446559003495,0.09976525649380087,-5270211.961097963,0.3956467036139007,2.1161823190877347,-4.945018494986563,-2413973.194642751,1.4638352502917509e-05,1.589664641097122e-08
443,0.5282786196995066,0.08439354724723079,1.2273745546384978,-305570.9807963278,0.5498348074574128,0.9591865895827311,1.7349850531625015,-5005776.636539838,1.47188841282493e-05,1.627578457489387e-08
444,-0.013112916237227533,0.06044318999071823,0.6939118666542746,-11201601.456441024,0.07319956590329157,2.8658964193530814,-16.11009541062974,-11131518.06062638,1.8022066876639027e-05,2.8406759952808304e-08
445,0.03472047489275797,-0.054004548981645424,0.4880008562864177,-2536359.5018827114,0.03503299622886712,-0.6688577717557481,-4.626297356717386,-4159919.6136449506,1.8130452136791678e-05,3.02040351193106e-08
446,0.02119042263082227,0.019456233663274425,1.179345329480223,12947906.784679748,0.036661499996762506,-2.3545411860896515,22.69291181268586,12948978.424884284,2.0068326528537822e-05,3.944508734035829e-08
447,0.12642882370630887,-0.1908244539641698,0.1712342090526719,1429870.8384397067,0.16462227805771326,-2.0111293857119477,-0.8979077372780339,-2430307.1578070954,1.8904355335114818e-05,2.5498586411570893e-08
448,-0.503451927961454,-0.06252853143211393,0.9640435214211577,-9933120.524855211,0.5617738090666304,0.657897987662955,-7.080555152271038,-8879289.79843767,1.023164129963265e-05,1.36259588019205e-08
449,0.14483406948040883,-0.1558928362513431,0.4929532588872305,4474508.050900258,0.2405737200633186,-0.8056976286276837,6.516056957268922,5252397.754695166,1.3063255270087363e-05,2.0174319482218512e-08
450,0.015986721000296616,0.15121459799319645,0.47493361268015544,3497040.2458053697,0.061467964169611554,2.66536089564936,0.8505034512413604,-2163671.2017986965,1.5955834285208154e-05,2.5952050357272785e-08
451,0.021643200662066327,-0.002675745681774113,1.1854825564324791,-11105440.278150044,0.024744367809037774,2.8359252208985546,-13.85452413774421,-11078857.355797784,1.624753982968108e-05,4.9675052878425e-08
452,0.046396801733226564,-0.13514904943683995,1.065623955900837,-5389441.503020135,0.15167441623706404,0.3089498525124928,-3.0480681358803268,-5628102.833019495,1.3408340717728895e-05,2.272227145152596e-08
453,0.19675974248395214,0.35652479796307857,0.5470076577183843,2787462.0781687163,0.4963557815765311,0.8135526517618478,0.01787219383868513,3246338.9693504777,1.4170497454928683e-05,2.834565585159103e-08
454,-0.190782439016005,0.5162144040666561,0.49423180260354727,10639874.081599899,0.5345608645167018,-0.7425491764776024,9.522799369996747,10240601.589160087,1.0675087978002554e-05,4.110397460446162e-08
455,0.285727841361328,0.556872372248037,0.5229677018403622,10642640.756123077,0.607247264485481,-1.921793880217512,9.161539671890667,10558683.716180885,1e-05,7.601803716382791e-10
456,-0.21731053258539915,-0.4715107703578719,0.012027633059484195,3547393.71982833,0.5543431470600052,2.453203193173729,4.135633348792927,5466657.49777806,1.0491501940331853e-05,2.891187884305014e-08
457,0.07291398933100118,0.1268276757151202,0.8759691885846163,-1779932.9141236544,0.11504189673478056,-3.0282233369051683,-2.689760230716942,-3916513.4281420754,1.5156367660181e-05,1.8934113250153872e-08
458,-0.11374045105428865,0.13535101815126138,1.2052447037528118,3088334.0172752365,0.16832252486925742,0.224973537756334,5.452530108335467,2834945.001316533,1.23521253781691e-05,4.4379724116398085e-08
459,-0.06523371353827576,0.12235581244707323,1.5046441257668606,-12047178.747662986,0.12615902894528183,1.3623792935083894,-11.001799482124321,-12105842.945707232,1.2357205540410625e-05,4.8026337353689394e-08
460,-0.01603880394027745,-0.038459930805553176,1.1274643681979546,11608234.217842866,0.03254895656907434,-0.9640206946155321,14.29130930311437,11533677.892603267,1.3781199097138536e-05,3.967485397720369e-08
461,0.02484322904609549,0.10109295635396576,1.569123803084292,12931315.306579597,0.10766308792960978,3.024673244419273,15.158330868149806,12932788.924645614,1.2717127881163533e-05,3.8588529925431955e-08
462,-0.293682143675258,0.029854849785989443,0.5792367915284696,9783689.084156934,0.25397450652020465,-1.2314651768709732,8.397400643334953,8967309.751129463,1e-05,4.2127075214302775e-08
463,0.3329438160768522,-0.1521564331579258,0.19043808019145628,1494582.1094231885,0.2203382893107683,-0.6949019685768506,-0.4144468424593923,-3052575.0718030334,1.361997415175173e-05,4.4691038910515173e-08
464,0.049314181608408655,0.06756877441352815,0.8308018018114155,2655274.419615876,0.09345565173164785,-0.9276790555042488,5.59976323933033,3327391.887603623,1.604424937937903e-05,3.5140984763831765e-08
465,0.10734705894228073,-0.1321560703862252,1.3932731955723539,1328914.867880227,0.16038242257931717,0.421604314078038,1.7807922284085835,690987.3584790389,1.1145757507801722e-05,4.9174141965739105e-09
466,-0.10648638298634706,0.21965267561686577,0.6179568853280425,-91373.61700750142,0.29635435050675357,-2.6778907513392327,1.0311402171868356,-243890.00737531486,2.1956156497705082e-05,5.4392273032007005e-08
467,0.37989856810489747,-0.2705277379040874,1.467946834392084,-12195796.948936416,0.5351524131866274,0.7195679390852321,-8.712053779489903,-11970495.736065384,1e-05,2.7180129975143028e-08
468,-0.3633545216488766,-0.17921411268679271,0.8126864680963185,-6200266.728146541,0.40269633853272657,-0.8098244033156772,-3.0011672990133977,-4564471.920381001,1.34272224713821e-05,2.7396031876181967e-08
469,0.04988715411542331,-0.11830777513727045,0.3902815448774877,11713562.610318668,0.13359755636306048,-0.18753772974113617,13.388490817632912,11703253.878292596,1.325488162378075e-05,3.2009802273177294e-08
470,0.19557670786977965,0.3437230278749293,0.8179466870177617,12646294.744012613,0.4294064763897306,1.0739430917765154,12.530345035420186,12677767.135903351,1.1002268562099978e-05,3.2988503360345334e-08
471,0.1482309868313766,0.06443017035381038,1.4856856315189113,9329998.261021491,0.13280176077928024,-1.9401692409631672,11.250553583279265,8703451.044396527,1.2973040993034907e-05,2.786927370004812e-08
472,-0.13836160204306971,-0.10544747731985327,1.0691002782859658,6664854.114362199,0.1650559006200494,-2.090685309932183,7.5352791882517955,6389427.249278538,1.348254571270333e-05,1.0153194497677345e-08
473,-0.022474210732030365,0.22087946759348964,0.996061325780672,-8184644.6322759185,0.21521029044759518,0.06294395700793709,-12.185613126379321,-8643457.81861408,1.8394270910005123e-05,2.734290198698674e-08
474,-0.12326191472342267,-0.09136004100797468,0.9909140446941005,-1699036.9530029744,0.1850144473096196,1.7688696892320037,2.004854602143305,1920325.2550291829,4.2879173132143015e-05,7.055135002574357e-08
475,-0.02809186984784648,-0.16283596149315718,1.2423817219486852,-4383529.947464006,0.26848462486265406,-0.9905254611188269,1.758460067870289,835803.5562481707,2.0516302399090426e-05,2.3248530077307576e-08
476,0.000730304493054032,-0.0018210311531628065,1.522766893337414,11204279.752133429,0.0020647544564102466,-0.17578259242965885,10.738299304060027,11205427.81097423,1e-05,3.2972879726306107e-10
477,-0.05766524107584916,-0.029260512388013565,1.548521877050407,9539585.291988041,0.0731892944632816,2.848201372898,19.17619768814627,9708285.603457386,2.1850780329038367e-05,2.0494689377828178e-08
478,-0.021089068233809127,0.16753064264061537,0.07097157803774731,-4801568.25294351,0.19110661387910888,0.137615745880655,-6.952089969354729,-3194256.2108228793,1.946575453353562e-05,2.4640886396378003e-08
479,-0.2776720279492855,0.011312667151456526,0.9921604397168501,-5772203.101203531,0.26515442498616015,2.0617565555050548,-5.501178852595465,-5303114.601699215,2.0231680266524358e-05,1.680963976580059e-08
480,0.11385864463973679,0.0607303095969369,0.5690852977280172,-6550342.891975574,0.12511987881506426,-0.10168618646934939,-5.861368498664075,-6600536.289882423,1.1554032588504093e-05,3.453405752231316e-08
481,-0.19575159328827624,0.00391226124407075,0.9651836904462597,-8561306.827765863,0.19022245583585787,2.2231065167641417,-5.758550437344832,-8666545.253877973,1e-05,7.841104290391205e-08
482,0.0328712930577938,-0.2560980656254428,0.2393788860286291,5723352.20803576,0.31261862526805567,-1.816243880736427,5.850631543024557,7603321.258429391,1.0339304448283433e-05,3.084585893485745e-08
483,0.059014401244260245,0.010656623055997549,0.1357839018682662,2190183.958020227,0.010256345850626,-0.5364893841114925,1.3095426094392693,-222676.4420955883,2.1899837406888862e-05,6.208682352866492e-08
484,-0.0006815819907241241,-0.005645693102279379,0.6477293785493538,-3956138.403704077,0.0057172649213656345,-2.554486966808995,-3.2686669410099176,-3985947.0098066796,1.1811360483297395e-05,7.900803217133095e-08
485,-0.06538868653560141,-0.04117034334135134,0.18714574408684878,-7996310.168781125,0.06334598600280644,1.610251941375785,-7.809425184483308,-8357148.675992761,1.1525937533132478e-05,2.989592428079843e-08
486,0.0023893582364320105,0.001998272437478874,0.5297032113638078,-10146330.576153867,0.007239293415950284,1.8422543550415145,-9.890114486510024,-10078401.242795072,1.2355330262580956e-05,3.3152450222921194e-08
487,-0.0005666262992922483,-0.007094706299207901,1.206335775285212,2319756.7261557337,4.313125365656807e-06,2.130821959185353,3.6022624328338333,1858202.4261673028,1.216421312996704e-05,1.9596555098253888e-10
488,0.0007254920642843963,-0.0012320036135266927,1.0548890442972492,2641251.650373472,3.856518674204853e-06,-1.6992427118633717,4.031259953672526,2315597.94611532,1.2636642437987549e-05,6.864859403547741e-11
489,-0.04873610696740954,-0.08186240887479772,0.2241634511270038,8516711.255947407,0.12458920376104657,-0.7923394091604158,7.579661550976613,9207635.557824938,1e-05,6.665641789903602e-09
490,0.002157166465421623,-0.017158730558589186,0.0016962365563046515,-11120597.574307937,0.0229090761073394,-1.2783322594383801,-11.92208633218207,-11061364.604522657,1.286735050634833e-05,4.340278562782749e-08
491,0.013364817588138931,-0.0012775685071589405,1.1262690337177024,-240563.63617694378,0.09572213637356645,2.5482053864649545,2.3232047932969864,2865432.2721904167,1.9139218002017437e-05,5.058739749411508e-08
492,0.35154128170199844,-0.031188274107041582,1.4050905926747572,2480210.9072170854,0.31288303249395494,0.8544078692283757,1.5856802137513946,560566.9001112848,1.6418916695308123e-05,5.417723248848895e-08
493,0.026450710369830273,0.1634995903278555,1.5229301912469986,-11368083.97217476,0.1481083273127213,-3.1403111384575477,-8.553173855870615,-11525092.138661204,1.0527205405437164e-05,3.514702702914419e-08
494,-0.22986217925140315,-0.44331285081007715,0.5165531325455537,2780313.3226850107,0.5447536141515288,1.6736551403422946,3.911468127168805,4569453.502089195,1.0272245585310847e-05,1.2374799332311184e-08
495,-0.06771068599002761,0.08036052413844316,1.2474982769601435,-3218986.963096168,0.1036822004321664,-1.9903378473909183,-2.7219382450131326,-3273363.5656832624,1.1406866366983366e-05,2.4240287715031448e-08
496,0.01789445240312336,0.5812969651627169,0.42832081875888084,-3754143.2769530974,0.7037287712439911,2.189821908023696,0.7042229182135701,3543418.4509200873,1.155583255137933e-05,2.102476420782878e-08
497,-0.09232208871931057,-0.0510001436711513,0.8283389030781172,3988575.9586296566,0.07687455826604252,-1.2305022242801396,3.244335397577206,2166309.6482902076,1.8013186077765242e-05,2.6442528708939663e-08
498,0.5728645194920378,0.29019144909805084,0.44623644446522476,6355070.66695264,0.6396512191463289,-0.702951093510287,5.094841398016385,4574672.884244593,1e-05,5.8971009520316205e-08
499,0.23083748398318932,-0.4733145407334488,0.6413756064000555,-3019536.142726645,0.47957246952183263,0.39963338589535263,-3.5762562766826704,-3762935.807274163,1.1606937603814138e-05,3.915612158971156e-08
500,0.2251353518776791,-0.3647358620935774,0.5443303823065108,-3802894.7516983505,0.3623281776491574,-0.45918630099448243,-4.5919586530933385,-6225209.407806033,1.1864862503539281e-05,4.238323871680182e-08
501,-0.022420173242936547,0.1653290860138575,0.10749384013329863,-10281354.825253196,0.1753999036912849,-1.492490681414838,-8.75428871618548,-10064621.042253925,1.0344923693783885e-05,2.4637406698848875e-08
502,-0.04105777244901392,-0.08499494447786657,0.28868883523583605,-42066.4753004238,0.06101882968992107,-2.413939170862451,0.5324687543130333,-3035590.4376850366,1.942649061577754e-05,2.5296425169516972e-08
503,0.0064714118978033645,-0.0010089010821399097,1.099018447462347,9332475.373643469,0.010072160534964115,3.0275134593656525,9.976140370930798,9413744.55943689,1.1474250008479272e-05,3.685625021198178e-08
504,0.2918651371510115,0.28104198361989846,0.8107793115900622,-2080658.157820439,0.3660561696575616,2.7162889478006123,-2.9923397763180244,-2860137.1760000014,1.4171637301849375e-05,1.9319493225918805e-08
505,-0.20873736449809596,0.3329101667240863,0.453483403211678,-8468963.627869233,0.4343950714352567,0.2771284283614983,-6.944768030088308,-6845386.134962332,1.162365702947943e-05,3.183641234273389e-08
506,0.085911533041768,0.4799076268069821,0.25693028009917673,2864073.2635673806,0.4598163060122069,2.221364367234984,0.44919343088475083,2693111.8431941536,1.6206054669715647e-05,3.564287830129411e-08
507,-0.02391383789780248,-0.0057083743613569726,1.3134071806541003,3395554.9893448856,0.04348593397215654,1.6628398130373792,6.549354982837729,4300262.658311664,1.7499363534267742e-05,3.7396999600794425e-08
508,0.04193983856334401,-0.6236942951572776,1.1982617536388298,1049365.0968782827,0.6343057527716413,-0.0015907763421066493,1.5202959299518082,1013702.9505560294,2.8560705310068695e-05,7.559990993817573e-08
509,0.07929653037786157,-0.17859332373924772,1.4057927563596084,454536.9032208156,0.20592526664411734,0.8467324422249114,1.6762053479246917,1159553.1291837858,2.5532528560245745e-05,6.620127018478188e-08
510,0.04346274678440229,0.036454241770202615,1.4505258928428482,-7346548.996444454,0.06801412820932423,-2.383452639694845,-7.348396904089804,-7099540.177177747,1.467656677414449e-05,4.2904282331600815e-08
511,-0.6289952771802497,0.2589128962355697,1.303889016769035,11819469.622531831,0.7573776947826771,1.4372334028459721,11.345724716767107,12138146.776311075,1e-05,1.4686349095374612e-08
512,-0.03533892984234968,0.24543326646559682,0.31164937200748494,741426.0943877939,0.23566003289884233,3.07716532754573,0.9447753976973973,-799522.7169347422,1.2896138095595358e-05,2.6638028685614112e-08
513,0.05979641808501099,0.04925101243331218,0.11554839191084287,7175128.570080075,0.05731747831002574,1.8033998160622966,7.234245240041891,6456722.650817393,1.2824806857576723e-05,2.9546008136856577e-08
514,0.030645832185540872,0.1354491276246362,1.5367442860401692,12248271.791952025,0.14273216567593328,1.0857956852015616,13.194636230868555,12254879.949305123,1.1519780452134608e-05,5.628816489387434e-08
515,0.030345771377711068,0.06888097226666866,0.45842063195092286,-131981.37638358586,0.08978410172274069,-2.4142193341188,1.1205172193879083,421043.64696152526,1.8764756546824118e-05,4.361030908826124e-08
516,0.11431791815033565,-0.049061392159627876,1.346408634759697,-8187175.43154333,0.11877502005484082,-1.0023079996477147,-5.0870477940975265,-8207674.631635293,1e-05,1.2069670563209895e-07
517,-0.022911832973975855,-0.12980779503456846,0.33562317381706364,-750830.0847035963,0.06843481596178295,-0.34579960063676574,-3.3014663614162765,-4550833.700620447,2.159452286436746e-05,5.411443930916623e-08
518,0.026854247562242986,0.23465167484279945,1.3093014800739513,4412944.380205866,0.2616730078149439,-0.09875546704908758,5.872620509555357,5613960.046326656,1.0105627682763412e-05,5.2813841381705516e-08
519,-0.05723054521370311,-0.07161722946570599,1.3833464759748875,-9893666.100303072,0.09881891348040939,1.5903838454379182,-6.873866728717162,-9717909.183220923,1e-05,3.902590675484413e-08
520,-0.16683617132591635,0.08274926491990355,0.511941422404322,-4481773.646327259,0.19741148195764552,2.5719742922651725,0.3805450715880848,-3791809.953944703,1.194157611651506e-05,1.2858119976920927e-08
521,0.15840448196841986,0.13236893825905932,1.2722027150199093,11728850.140471477,0.2106241248625431,2.8345544103285563,15.168639983331982,11815441.042588579,1.4251398919800794e-05,3.871488824106577e-08
522,-0.23192642466880772,-0.04679662590068637,0.0662717330949098,-1136479.1197554152,0.2277808217388364,-1.4077383264384662,-4.056581070028956,-2244944.715722749,1.710016244304582e-05,2.7341933570930845e-08
523,-0.06618017407068788,-0.18316076164680695,0.8475573914820307,2398609.7567785755,0.060660691184681995,-0.47499881613775913,1.413804590173326,-2727991.9821450226,1.814654797293019e-05,4.849135698172731e-08
524,-0.013998216367335023,-0.15050007301867585,0.13110657448039306,3140358.9156187773,0.14436424708481002,2.6162087236424463,4.4414637784024595,2945841.8438275396,1.3176080278844606e-05,1.4029830370582049e-08
525,0.006199475535662784,-0.0055039114562607785,0.24400817290604718,-10079381.572685206,0.012776691499986477,-1.560250003493428,-12.21533061509685,-10015389.728618132,1.481961730305616e-05,4.151328859648575e-08
526,-0.1549464520476035,-0.2253069216451777,0.650533751230584,9246642.439981706,0.3053729316705446,1.125592561824654,9.679280120787594,9709733.274205226,1.1791346549286776e-05,3.444897210166875e-08
527,-0.0061014358413843915,-0.5666647483890713,0.6857665906749801,-11863317.759309005,0.5283951416052565,-0.26245416844558367,-9.426187880497018,-12098228.727759268,1e-05,7.600196298256067e-08
528,0.0010994255299900948,-0.010121872173945237,0.7935602420625809,7315242.378455058,0.015380798364317766,0.2977921566806659,8.115323688103482,7549149.268960331,1.189379751092043e-05,1.7374289091013105e-08
529,0.012140120898149842,-0.006134910002059636,1.0554862915203225,-11501927.651550183,0.01482949003619162,0.7917465854304749,-15.061377536703468,-11482395.946744464,1.678282768696277e-05,4.3049855956090016e-08
530,-0.077204599324386,-0.1672293487053222,0.7271689719887938,4975050.719148461,0.16013196291590495,-2.6390680006053655,6.15359837798104,4063489.3801439805,1.3716491986728244e-05,1.8055933473536302e-08
531,0.22360447447232967,-0.11828344812764219,0.03700043658454983,-3129296.0133801457,0.23066550153084045,0.5285587430651213,0.40397843982959064,-2367846.6151540806,1.8450031882028092e-05,4.521015068982727e-08
532,-0.004501715079863342,0.04088468033213745,0.7876288312478206,-2860193.628938511,0.07589528595264776,1.704047339512706,1.1730942280677155,457445.6762741591,1.673537455741859e-05,2.758621153164823e-08
533,-0.07501556316756915,-0.1679304440904679,0.31316241858194815,6593256.722545933,0.18944951336224547,-1.2890075745993834,7.039380201748385,6894912.786860991,1.1085902381713331e-05,2.1716440150886742e-08
534,-0.14962654658773544,-0.026190698773125732,0.7347991692648248,-9239830.748860478,0.1539087151675648,0.29555124270698413,-7.972048352125402,-9148978.879612109,1.175538556449026e-05,2.7427899445160313e-08
535,0.2526116973086826,0.2645774954419407,1.1440596754435424,9182481.989240538,0.37578364402440206,3.1065192945104725,9.102457626475884,9399646.746941188,1e-05,2.118293037924759e-08
536,0.04326337834034159,-0.08192441093929129,1.2171353051228075,-11856237.19680634,0.10959609993285309,-2.490958241732194,-11.981432162607813,-11790913.018916406,1.3413568767863826e-05,4.296177104023199e-08
537,0.23889074334055235,0.08960920729282197,0.5226735684599152,-1940342.6949607022,0.2735777574544978,-0.6179006623141666,-0.6116247569170365,554180.7451043524,1.4598777462296561e-05,4.59877746229656e-08
538,-0.02189212398055457,-0.07001955324179344,0.8426540457449162,-6183932.457272875,0.08511410890767322,-2.6728366897862323,-5.781827794627701,-5972338.868394899,1.3526131120517141e-05,3.590512158665897e-08
539,0.028442497568972238,-0.021923910219118332,0.2919063881057516,-11669294.43545552,0.03978365331496535,2.663364250646686,-14.484793670311076,-11649107.733605787,1.514224716954748e-05,5.243829035557637e-08
540,0.02076871590491425,0.014797576589928628,0.6309347164031377,-4523576.827332472,0.015267450712799452,-0.6851481770847826,-6.605861906113456,-5082124.8102825675,1.8722800196263893e-05,5.6280737979668267e-08
541,-0.023329917128127178,-0.14128115533898555,0.038687381192154514,-841233.8279118948,0.09820059266785983,-2.4161769465347014,-0.7867690587652206,-3652471.9564111265,1.660411516804575e-05,4.9752687944243066e-08
542,0.08442826556077958,-0.06456508802829448,1.4438872154371858,-9812327.702745385,0.11262941503888657,2.6087597991248743,-7.342973391466186,-9793205.986296,1.1040396424655395e-05,2.1674925513654047e-08
543,0.3740065395784034,-0.1935098281875419,0.7213536770610496,12651415.129469678,0.4175903650605002,-1.6042196600628704,11.283592328640017,12646061.513478424,1e-05,4.866166547420485e-09
544,0.12155784188875905,-0.12240160145293345,0.47505791753208143,-7657626.098877193,0.1459696356855414,-2.5878466370104354,-7.128552248439733,-8487276.657453923,1.1208817801454052e-05,1.6783944314374202e-08
545,-0.09572917980832675,0.5408103411902171,0.38680879073737495,10973853.929622084,0.564626274436333,-1.1447751758438798,9.208805828211656,10968216.84830736,1e-05,3.649572481618458e-08
546,-0.0048982848947921095,0.003564285743092722,1.5145861543321626,5412855.8864722885,0.015417614544178832,-1.6532708336947985,9.244771051144378,5790547.620116362,1.6447586276587452e-05,3.723279412106811e-08
547,-0.030975623487371103,0.05963913452655035,0.29436536679353664,-2770834.799359802,0.11034039665927266,2.258357399727411,0.14583800142990627,37141.28607818464,1.4968628958086306e-05,2.4771232447360618e-08
548,-0.34321607134034243,-0.3664655242696198,1.0607775826178023,2248288.4366089404,0.48009497557277614,-1.8450541013848591,0.9836382208568495,2303045.84589935,1.405858479525343e-05,2.4747468263740417e-08
549,-0.06969138128924929,0.2038842434704341,0.33114913310779226,-9085524.259579083,0.21758406470539088,-1.3076721466049206,-8.49508907026353,-8817505.210351266,1.2171284470895888e-05,3.945465200896102e-08
550,-0.04596554228081805,-0.01314124730119147,1.5241185056762996,-7819831.231085171,0.04406261474615128,0.46408213719678315,-7.183498213562661,-7860048.046098521,1.294705223457449e-05,3.075732437000656e-08
551,0.06247077435852415,0.08833896824025762,0.985292468005103,-11846643.856256193,0.08364924409989831,-1.3705981854030065,-13.148794014305274,-11965676.408325374,1.4193058629378575e-05,4.508665192880187e-08
552,-0.05006293669646911,0.013956314103649867,1.4660782925871867,-246987.98863876238,0.06977804572721272,-3.069909793603353,2.98021008676732,882966.466602798,1.5688758747820178e-05,2.238407426656259e-08
553,-0.1124837169758417,0.2242316286539089,1.0510716335905685,4380499.111304965,0.23287264229710608,0.3812317213359362,5.575677641765567,3815580.416113124,1.0923946569592956e-05,2.0749516748453934e-08
554,0.3080373636229962,0.25637368607284855,1.5056887432672597,6460991.867982645,0.40545427655958066,-0.42784951133414156,6.31987342437876,6947260.602307843,1e-05,3.54102107411048e-08
555,-0.1982052371562591,-0.08496024235790958,0.07559696113098657,1221818.5051625967,0.224346886383299,1.1815148178381676,4.0244359369464595,1906594.051066432,1.5258344583552891e-05,4.190961768362294e-08
556,-0.2202415453341652,0.055208466101832825,0.5192554402653136,-7452301.214264979,0.22263349476065933,2.5902710555312183,-5.5133861388506,-7544055.632339723,1.0685176584817701e-05,1.6843412366004296e-08
557,-0.19752527461291922,-0.03323347537229086,0.32134507630244374,1476592.4160215203,0.17515383249414318,-3.109972699426477,0.2243869794482885,-73786.95330911755,1.307795803672977e-05,3.9050978297101534e-08
558,0.18461418436675364,0.23147493020519985,0.38883031333389995,12668406.5508908,0.28723593665097713,-0.26029317272636643,11.150021951860191,12654884.757713696,1.0238354277571222e-05,2.9794284696402676e-08
559,0.05576546408159629,0.02893090100371515,1.2475050529043583,-3387578.288307758,0.05463119520091998,1.7376609964655674,-3.078417497610199,-3656104.503588032,1.711089024179142e-05,3.761230775554777e-08
560,0.18990922161062673,-0.05560563149471073,0.5381759154286826,4397494.192279331,0.25022768826689634,-1.1095845641702444,5.890408299026152,6577925.458663257,1.2340004407476708e-05,2.3779895234576363e-08
561,0.04605473774326309,-0.044851014251076016,1.27968583728006,197677.6453710366,0.08744426744596108,-2.062884934604825,2.746511675113231,859569.900981748,2.7969249306869836e-05,4.834512227577144e-08
562,-0.08404159207879013,-0.07373977676609868,0.5281000678144752,-1631532.2818472143,0.22389434956855883,-1.9317170029599944,0.8455107105057266,3453829.4124333505,1.6177221088884086e-05,3.29712548678906e-08
563,-0.2628899956977545,0.14181578603424153,0.004729045496423751,1059495.9816968571,0.36931323835681606,-0.5306321279006784,3.2074713617236554,5224939.258930158,1.3972052137434367e-05,1.9941883207081298e-08
564,0.09219175598662557,0.052184349560703086,0.6735684979983239,-765795.2298659068,0.05978361354865652,-0.11310803193724167,0.09109523694427732,-3975020.0475750435,1.6949122842669376e-05,4.9993689515607405e-08
565,0.373447071056447,0.12735535443924548,0.38033747683706026,-3069621.916442735,0.5824261177841737,0.3980572549707582,0.14945100836042619,5167074.043622307,1.446925092154717e-05,4.754522256965073e-08
566,-0.38181409724446574,0.2735834229426825,0.3968464434140147,-8537542.241735077,0.49038355591578026,1.3502570905932711,-6.360403005804257,-7723974.774892677,1e-05,7.319488879456823e-08
567,0.020574137599218473,-0.037972224032769814,1.348371708234908,884493.0807015076,0.0660906454732247,-3.0126140455084607,2.284948957014716,1294648.6853875187,2.0413789372889864e-05,4.843622964134821e-08
568,-0.10753933197729366,-0.03549211239856166,0.056936561668653615,-3932097.506549103,0.08394935342010508,-2.624831371929008,-5.621425577991886,-5491378.610642852,1.4086580883894739e-05,2.1589900718145557e-08
569,-0.06168977101381751,-0.05483484313811944,0.2620868772606861,-3698048.319245558,0.06659219605050194,-1.7983209888241976,-4.74399913562506,-4526211.427898934,1.367571306807384e-05,4.3481125652998055e-08
570,-0.08388405685386073,-0.07292754673826185,0.8077365549906107,-10542002.939558677,0.10283694459887749,-1.0967467355068965,-9.746268151428689,-10596458.990073655,1.213411313079915e-05,4.5459371342166595e-08
571,0.01964375386611477,0.14661244522738626,1.4658263563887546,-10161447.56485746,0.15450704159995218,-1.8703109099191952,-7.498427953302063,-10017041.485653067,1.042189548247495e-05,4.6877275830549867e-08
572,0.04185366990716563,-0.29690792039282016,1.0732746057347007,11216723.523485716,0.2769589895282538,2.090187784444876,10.275384031814893,11037132.583445108,1.0107638430285998e-05,2.69096075714994e-08
573,0.08722826347557106,-0.0926626595158121,1.0384819953771036,8651552.982920911,0.11635723854044182,0.8308433856311009,8.526655348553998,8341837.227298931,1.0593967119323278e-05,1.8561472478852416e-08
574,0.16543481630914855,-0.10732164633922642,1.2595590666607903,-9439421.20171844,0.2250532289655887,-2.538340654977781,-6.350233382872281,-8738190.272778014,1e-05,8.298412514954007e-08
575,-0.054136115396033795,-0.020886428604838896,0.37488794435601785,294456.8226635214,0.13984204040819728,-1.7093087203463042,1.0142409208884033,3959106.7825348605,1.991078896672102e-05,3.0561550153556963e-08
576,0.017021839237686815,0.02082144392521467,1.29104895882981,5210271.377537489,0.03604827690513223,0.2432321523998199,6.614031708503282,5658327.849307074,1.1737914959649723e-05,5.0415088259484805e-08
577,-0.40417017345822437,-0.3385943436525072,0.9703043937092367,3836949.766480338,0.43511927935990835,-2.1901484463009857,0.8236994526992892,-2490337.503134125,1.2835397755336148e-05,4.176931200610583e-08
578,0.23054797299430857,0.2193996877063921,0.13414265408837264,6737965.350767922,0.32128247493712686,-0.9107461705172105,4.536356127636825,6745816.970542949,1e-05,8.537220349675107e-08
579,0.4236348422634536,-0.3342799493051382,0.07049105189336284,-1166987.200389428,0.4601718976190235,-0.9811419692166672,-0.4771100741469705,-3126834.0495102415,1.0033756814370191e-05,6.137602612761909e-10
580,-0.18195542731311282,0.16889950643531715,0.11729719317250072,-1251523.2914350703,0.28946987605496005,2.3436854552084165,0.16986918834991407,2200749.2703989097,1.3278639663531147e-05,5.652827006088183e-08
581,-0.001304465498754078,0.0007549027745530431,1.3777138164121077,429783.3583506588,0.045402594994133266,-2.5502366762162527,4.054191369260575,3154146.7818730664,2.083633384680838e-05,3.302903547014178e-08
582,-0.11150577063028198,0.11726672557410894,0.5647223228803906,-10587600.834644563,0.16453484674072347,-0.7973719199046424,-8.264233067520914,-10511359.799932979,1.0241341421561983e-05,4.022357026033029e-08
583,-0.01696171865481171,0.07948358804539435,0.585693480014101,-5897504.234965329,0.08970931217705914,3.0212927268205396,-4.164903105805411,-5799092.015575583,1.1341401569598783e-05,1.8492943782555523e-08
584,-0.07126568406896125,0.13223604945924639,1.391192323416787,8026865.381291918,0.17677194106596503,3.1120717325828946,8.445859597206406,8883609.38836696,1e-05,4.298278123278197e-08
585,-0.07227157784519635,-0.17391003714955716,0.46390800678149025,866107.1936066262,0.15896580489866424,-2.086297931370689,0.48889150658386804,-1965158.3055964366,1.4153276821833575e-05,2.4271141809193012e-08
586,-0.05858932473337477,-0.00900653963455815,1.3743017738190493,-6324240.401904717,0.0405235758610403,2.2018712027351848,-5.590096935607553,-6920107.149735726,1.2705823555488998e-05,2.681569794371625e-08
587,-0.08433842599048201,-0.14784429941960706,0.9587719990278847,-2359129.6990020946,0.2129005663051112,-1.272139628838677,1.090763990562448,2323841.337956717,1.1463653479287647e-05,1.219711232739705e-08
588,-0.017801643318756118,0.05083621256559187,0.9079212901150475,8477045.849079438,0.050752245205548364,-1.9083131412212548,9.424483536380679,8436878.064678606,1.2011690670633279e-05,4.167913267204008e-08
589,-0.009519587695636888,-0.06866443636094688,1.0704788432143335,10446126.171986599,0.06645064685676658,3.126108922953407,11.827819819918346,10415867.072446544,1.2638587153076029e-05,2.366033238189773e-08
590,-0.19474932275376913,-0.10640415976571156,1.2500550949033364,-4018474.126713991,0.2129450771481881,3.1295192965878678,1.0245507928976731,-4860692.752060525,1.4500366402016553e-05,3.0041957607275264e-08
591,-0.05319895171189509,0.010891377378029634,1.545633063724893,9816324.246817049,0.07775925796336176,0.1737765377990862,11.02720536667349,10179465.70023722,1.1452968166065488e-05,4.5161844445266534e-08
592,0.3065369634552772,0.1288474282897352,0.4692028742259302,8372462.431795817,0.318683934258718,1.6382980542547239,7.560097901994175,7616845.151579165,1.0235751658121515e-05,6.423973824985635e-08
593,-0.16726090320897916,0.04814757858992342,0.1288699204628815,7919357.020720538,0.17706961978389038,-1.4547520079355292,7.935162356062966,8099586.698040006,1.1337959848460367e-05,1.8844504907892485e-08
594,-0.011266802530277937,0.0017517647707732812,0.028836227804795975,9049010.023233589,0.02280818028285099,0.5074040196266351,9.68017670888209,9270373.81691008,1.272708568588878e-05,3.8199734004242754e-08
595,0.04063921543452696,-0.04194699711942412,0.7067682423653993,-5855260.077375064,0.053944596452749585,-2.1691339031828103,-6.314244408779292,-6152135.128963726,1.3308667687944525e-05,2.522189268847208e-08
596,0.024579728691222148,0.005160214227202552,0.29434063734805227,10521381.900816675,0.020944000115781975,-0.6120118512937095,12.012991942306106,10472438.69487009,1.3491996000257872e-05,3.4740398903881305e-08
597,0.07309791416545235,-0.1739270672845857,1.2132629712351375,-7762162.450766581,0.23847160128475722,-2.5979344658885646,-5.937758079818312,-6421834.34916429,1.2336425459820475e-05,3.85979285855573e-08
598,0.0004629185814815418,0.03962807773872642,0.21166422645221186,4608526.080597062,0.019740165679013485,0.7558589121046013,5.799061155191633,3645487.2036234178,1.6236610734407534e-05,5.113965054834676e-08
599,0.2644735567815636,-0.14506393379878157,1.4650372039185158,-11163457.376490667,0.3321944485965916,2.216349940628519,-7.6498580566761305,-10907576.219178565,1e-05,2.6542874119885623e-08
600,0.09684226069066036,0.07921311603308848,0.6210935760012078,-7750421.416303181,0.10190428712441492,-0.4765188027726006,-6.451811221744769,-8350264.385002387,1.0737457759295395e-05,4.686143155918259e-08
601,0.2862931319918823,-0.19097271325031367,0.7634655114342833,-659665.2987704538,0.2539447470379583,0.0014814176810463851,1.5385537570896322,-5663785.412266048,1.5734429599029512e-05,4.003663843247978e-08
602,0.11463689967384463,0.013452566295640069,0.7180079994868885,5929419.006490443,0.11206195714125071,0.4364957556724145,7.119301441523149,5917431.73157906,1.1651809905610602e-05,2.4991911474097388e-08
603,0.208048136938644,0.2927221172433494,0.3836399032097916,-4647642.781257948,0.5882147020032259,0.5498010699105795,-0.13123542697850446,2782258.781761296,1.2735708826366439e-05,4.274545041197481e-08
604,0.15520971586567897,0.020507658415950196,0.1286483205085884,-4062752.075408291,0.18176026280233115,0.16036198164378676,-0.15635721936001915,-3655979.686948683,1.111727653693045e-05,1.2991587638726157e-08
605,-0.10258284756599223,-0.043186892881371855,0.2790994161271593,-11855619.135047525,0.10562836252078807,-2.2732202083403794,-11.052756895826567,-11873748.849190243,1.1341307071459775e-05,2.915884937956032e-08
606,0.23965803463471583,0.015424861385274123,1.0333235072711449,-6148031.418797493,0.20909769725380506,0.26966365775062673,-4.530815464507371,-7513485.86794512,1e-05,1.2850578997447779e-08
607,0.0021782135196634724,0.11773538829324454,1.5211439334313237,7583024.034402512,0.14152859070851492,2.6519985482588178,8.566859914469964,8243870.49844946,1.0964620371402304e-05,3.1116786174267835e-08
608,-0.38825510091966015,0.14769460448693106,0.9054375574495752,-10152636.659861555,0.45198451528668543,0.10059161753693106,-7.282590769242132,-9421913.223451618,1e-05,1.7957449654491976e-08
609,-0.01449225247989332,-0.022226529194596313,1.1612886272138276,12850932.728125162,0.020399093308697623,0.9529658841995013,16.342708237174584,12846343.302832372,1.4280222001444931e-05,3.821626787004402e-08
610,0.004573355224509251,-0.010056373740561208,0.10998145491951664,-2468794.418467695,0.0812789994855611,-1.0041975040798565,0.20745471104445662,1607932.8187050072,1.5844428405067598e-05,2.8298790284529646e-08
611,0.2215490798284247,-0.021437543870687314,0.15223525909379793,-940184.960074177,0.20765988179789774,1.1772965721913746,0.3509148551918531,-2404785.3797138133,2.0133014173332e-05,5.05702829992655e-08
612,0.08567871113167208,0.16460437622726096,0.7301489731838556,6192411.586443558,0.18752829519322028,1.5542632565227763,7.217210108287883,6024743.129308321,1.1879464269754756e-05,2.2011534406511734e-08
613,-0.009083731792973483,-0.004227997535880279,1.3066137898952175,-10689108.171301516,0.011840449086051278,-2.6491357715508803,-10.604625950893416,-10669919.183034318,1.3368888257695202e-05,3.9859962890662247e-08
614,0.015059929449034276,-0.11931623736542006,0.8336637133721424,1632568.3151453398,0.10933995881297769,0.20021507684064913,1.8856036060057475,3185055.3733939924,1.748087727416695e-05,4.0731880139462226e-08
615,-0.027067778312251038,-0.010308851056006518,0.3013332934578289,2777553.1685059182,0.05136331811363283,2.4014533753632077,5.547170059461882,3840850.5925929463,1.8465782022252822e-05,3.617275728575368e-08
616,-0.18573829237113748,0.043340139705061044,0.2233219305694385,-5186147.130068166,0.15926275636754178,2.7666316328940486,-5.671081813810426,-6670768.0070966715,1.2779482104642167e-05,3.136499534266435e-08
617,-0.019686040052436557,-0.008746873532736425,1.1001088625809141,-1264847.210509494,0.02090602511168854,2.678581296975304,2.4619761835228235,724649.1131591058,2.5367294422694998e-05,5.009785635199625e-08
618,-0.030455473332249364,0.10750227482060434,0.24615728422629962,-5527992.712084813,0.13532909167896373,3.020699211046621,-4.417593718374421,-4607536.935592551,1.1907924987517697e-05,2.0456880857991106e-08
619,0.12166768816451332,-0.0199495904228829,0.07908555055174687,-9319863.451579966,0.12684390094662895,2.886507142285041,-8.915913465809158,-9264265.384851625,1.197587554087285e-05,2.8976168507291723e-08
620,-0.005678656165113845,0.2426490866669505,0.6453071358725317,-8610253.398024444,0.2415347271839955,0.484274331634026,-6.23993236644338,-8839516.496282848,1e-05,5.7608301374728675e-08
621,-0.020954233550786735,-0.0869995626272775,0.3823748002660666,8529452.981171384,0.09438728985026193,0.30390838104166285,8.39998280585498,8739993.370281138,1.0928881489382836e-05,3.2030396185615e-08
622,0.1025676331801154,-0.03726335595432321,1.1618013685025026,-578822.6219345555,0.20238869177828528,1.0779210653851576,1.8419964243688407,3502407.3164783777,1.4186386803906929e-05,3.1715051544749457e-08
623,-0.22637344736410736,0.08392108971616484,1.392947873653086,-5218015.116495033,0.20519685183414912,3.1078792738153216,-4.160848431219477,-6884252.408486995,1.0842305564444709e-05,2.6987819757855735e-08
624,0.10674023021610465,0.0866686401238896,1.5594115440187533,-4045206.02850746,0.19819901648569008,0.24055017833002623,1.1284066542407483,-881664.7648341873,1.5039140618998938e-05,3.3594430473981156e-08
625,0.5937295179316309,-0.155094493532543,0.18696727555659787,11171796.673914079,0.5830467704648068,-2.5964984981230734,9.449856839563255,10731106.94422472,1e-05,6.360290923757409e-08
626,-0.02793010483426577,0.020464692569775917,1.5613701442487153,-8792529.191828212,0.032908378456446646,3.011211298584801,-9.684699284447223,-8835433.410105003,1.5063504905137125e-05,4.785650380634416e-08
627,0.0597745787426922,0.06337253552148854,1.099900713604405,2370258.4936104007,0.09831611776875013,-1.7794473502597212,4.7187592505174605,3240212.5753132035,1.1904778284264489e-05,1.4998254206806993e-08
628,-0.004542259672174218,0.030561367898879442,0.33326057356721583,6512481.181889605,0.02300572122893611,2.7770357779482024,7.306894531806947,6283750.157015913,1.3561786044252143e-05,2.4392111832204755e-08
629,-0.2808441088594381,0.19406895813742084,0.8577277013492256,3819241.9850084186,0.26340648041722114,2.224838692753149,0.2406362094386626,-1994353.7000451172,1.510438109252035e-05,3.6199799716444493e-08
630,0.08377637679096647,0.18541937286889443,1.337956886756605,-3893621.3305639457,0.21843338504381513,2.163698758918171,-3.354419698912114,-3032658.1692956435,1.3000648795064633e-05,2.805451515242043e-08
631,0.04923175484863409,-0.1926344825758293,0.7997862331518065,-6378292.765710941,0.21493952731465885,-2.9198486157197774,-6.4066879852319705,-6028312.961547196,1.3025434127354907e-05,3.7768104113544235e-08
632,-0.031538171277089924,0.013333616292533578,1.0677587380497156,8567246.100599144,0.029606852955947702,1.200298940840063,11.889132017025249,8366864.605674388,1.5261431718384005e-05,4.271512186219322e-08
633,0.3202825397072778,0.1956058457302003,0.47518780471275335,-9599198.082315732,0.3904994838255771,-1.7221522344785658,-7.430896959789746,-8957015.083559329,1e-05,2.5526860334381115e-08
634,-0.0847593401365677,-0.06564683508244787,0.5682833854924982,10113447.253777858,0.09815121244512723,1.9156258165424107,10.806512608369909,9888883.805462386,1.2229207337827016e-05,3.5384243457571674e-08
635,0.021497003352105713,0.1709248866931637,0.3997407014577469,3451546.1695752833,0.09945532782442223,2.8259962597580746,0.9906031798259594,-1589167.7968684456,1.4300747240932268e-05,2.129448261922945e-08
636,-0.0657236477739449,-0.2347426184697577,0.7699850820220898,2275318.326730747,0.23481515818472856,-0.4967570916717374,1.752158749830562,2703404.3064146414,1.545770059970673e-05,3.376587244611946e-08
637,-0.003196920947987744,-0.14670358220189542,0.5968429840789692,1100205.1401136592,0.14284306385778314,-1.895545184363777,0.47290605006039926,-535343.1983263075,1.5109989277493429e-05,3.122753027991038e-08
638,0.028726981335765813,0.042514692084788114,0.11108441288009975,5902129.509603828,0.04739764116787525,1.7690446605434555,6.96502301107806,5678422.128165069,1.5138244701999965e-05,3.772732753705642e-08
639,0.05231049813927307,-0.10977667513650141,0.9641010754011033,1850737.191728821,0.06062692873777305,0.877808592064521,1.984954446699696,-2796219.942271503,2.013036841174565e-05,5.7268010788032004e-08
640,-0.23562897161745808,0.015336557259133915,1.2022242610736353,-1902026.5700635947,0.19692120873384517,2.5293578475087033,0.5461611993788094,-4674894.556517414,1.3277103552912842e-05,2.9583757409712875e-08
641,-0.05559149492772944,-0.027723010247421395,0.19931941164730943,-2250887.804678835,0.06370394901375029,-1.892288690892787,-4.403833277797685,-2097169.943236387,1.8256745398253622e-05,3.973070997913816e-08
642,-0.00035551199472402974,-0.045794087694107324,0.8891922608455192,-3929654.8667564914,0.08494129419926566,-1.4561620230386836,-4.26286323198654,-2013785.515532866,2.0193168474465628e-05,4.45265837546481e-08
643,0.24326771727311497,0.039784613940685776,0.9729102939571712,-10471433.059764842,0.21470637332400228,2.157280514925992,-8.850475911399172,-10948747.85000238,1.0952448290983426e-05,3.640684667880473e-08
644,0.169104871964863,-0.033455197157123716,1.2684763495606788,-5004134.231164147,0.16186643050262994,0.9886536979466697,-3.2322006425392416,-4350496.641415733,1.5379879102874334e-05,2.8647873811023742e-08
645,-0.02801096672583501,0.30660171985423257,1.5353187108531985,846640.7371095363,0.39171050964487614,2.4547252702245737,2.261886813827247,5290483.75983822,1.3740603537856282e-05,3.93747740826977e-08
646,0.04371624119628793,0.47816340462213947,1.4873012530811425,-9465602.191319467,0.4186548986873555,-1.2581482460460076,-6.717944173950513,-10241572.05639789,1e-05,3.954408194470551e-08
647,0.3071200389708313,-0.062499465592381565,0.41023044950393056,1149188.881338684,0.19422372273061003,-0.9777314965897194,-0.4133758076425124,-4548100.327377712,1.5606325990602113e-05,5.443034942332138e-08
648,0.34871904902013634,0.05064873984101828,1.0435119958552341,-6449970.824861269,0.35646104418629243,-0.3933147872058969,-5.229361210766232,-6985620.904684827,1.060866237485354e-05,2.3410091340520726e-08
649,-0.41515540021852615,0.10267719864289768,1.2139075477063246,-9993773.670609094,0.428084339721989,-0.12393363133695386,-7.314551394005193,-9874337.853291484,1e-05,3.334970623637371e-08
650,0.013476285914124322,-0.007901410456306657,0.4735529745231288,1538472.8678944577,3.955269801544721e-05,-0.5146462503331318,1.2994416488955698,-1942450.022088123,2.1204091289776074e-05,3.4982964580045176e-10
651,0.010256784910461784,0.03284868081952729,1.4836417022834298,-457196.29553284496,0.08425768334835493,-2.777091530044557,2.39021514471357,3146093.8766428297,2.0377728875318006e-05,2.9206993303798854e-08
652,0.1879626678359928,-0.21542826338598803,0.16754692770260363,-3295799.7857597265,0.23957463977062557,-1.6427201064690762,-0.5015425340332946,-5449992.410196458,1.5479212998342155e-05,5.1114705602813026e-08
653,-0.04396443400071676,0.06726877127322481,1.5681567481017882,9816019.427326579,0.08423880579021151,-0.08120596299978423,11.436927199551654,9893732.929388724,1.1986543720607497e-05,2.9937318541699785e-08
654,-0.048935038099948536,0.45070521005723657,0.9077117541713962,-5679059.916767724,0.4383454514422649,2.2102736817991526,-4.37447330678712,-7057438.029734356,1.0135853836867331e-05,4.528461228911002e-08
655,-0.18936336569786522,-0.23560584378530258,0.9694923692141565,-6773033.152251969,0.3105631699804607,-0.9914284056632136,-3.6492348629142297,-6249710.068081098,1.0756592148440286e-05,1.1821752319379449e-08
656,-0.014270272796859024,-0.20232228324390086,1.3421971818091358,4250074.833933234,0.07901419429460353,-2.078656421229138,1.4038912588639383,-3053139.9794078907,2.222286143886226e-05,2.968437313709019e-08
657,0.20448691227564128,-0.15018343588103247,1.3310729617848431,-10847305.707311025,0.2651949943159923,-1.6721252770713977,-11.211932944497216,-10743753.523657203,1.4108821999016993e-05,2.9774072456644867e-08
658,-0.06593282810984506,0.30691027349392525,1.4466490661099292,9790599.417682178,0.36603816561739444,1.3303191824606495,12.80727327748214,10455865.710197352,1.3493208279038503e-05,2.3984152061078332e-08
659,-0.02115943296410567,-0.10390343856182456,1.3789617879451719,8554791.272867117,0.08769051972403127,-2.732376934185005,12.642783062197427,8016669.274609915,1.618771282070057e-05,2.537975285623143e-08
660,0.255762430044425,-0.3816875023342649,1.1224067952819725,-7401551.739408787,0.44762725498495987,-1.8096117467590245,-5.250298707354215,-7622623.787229768,1.2508559895504901e-05,1.6184257390354194e-08
661,0.01822886593286051,-0.3225191824648161,0.453890454018405,-10818604.598216679,0.3183105112197128,-1.0291173484049458,-10.680918327147952,-10881914.463530086,1.1970744090981077e-05,1.3406422387626367e-08
662,-0.3054305069833676,-0.03783665480064256,1.4157736831885592,-7561826.302028432,0.2931415079039113,-1.2178301929509452,-8.587730265490391,-7856024.431049026,1.480230241860913e-05,2.673062333274397e-08
663,0.0018489770680052068,0.0012696363418915298,1.3486640135961547,-10868755.220805174,0.0024589278695490396,2.0709859781558317,-7.7262187235999065,-10874808.633930374,1e-05,4.450607502608297e-08
664,0.005978421386199722,-0.053761883637327965,0.6008999427395971,10806614.904527858,0.06516270636635754,2.4094135767224008,10.307521839478053,10944797.175462035,1.0764813902039222e-05,2.813980555871565e-08
665,-0.008325059155590746,-0.09914242195641525,1.3559894265861745,10326404.94172782,0.10300001460167986,0.8311901893462327,9.81787697459898,10366309.75822703,1e-05,8.57495732015278e-08
666,0.12781053116838934,-0.2591764274874565,0.6376176370660568,-1796029.4503502343,0.2186735618697707,1.3724114383850505,-2.417881151718133,-3993005.9334109416,1.3879733467346726e-05,2.1603977978152098e-08
667,0.14980744239823002,-0.06710063470511077,0.6615887415233223,-2188550.6868909933,0.12312005455062035,1.9625507330285394,-2.9117396839181304,-4714959.349150683,1.1465394717812239e-05,2.77618753100706e-08
668,-0.07313469707504881,-0.028172355712817922,1.3237519872249266,2749893.423844211,0.11959533315470429,0.23324448085829752,4.871271161124829,4501833.2638433995,1.6315976285934354e-05,5.086553646931045e-08
669,0.06702717495981818,-0.027844571287789048,0.6749207305995999,11133054.666121565,0.0946364042753964,3.098848445678381,10.138976146423326,11358631.760297604,1.0139615989190212e-05,3.4903997297552796e-08
670,0.12368664723193959,-0.09152406039383751,1.0988129199873231,5234942.0831587985,0.1331483796221094,-2.9486466393324626,4.983430534205992,4011478.0371742253,1.0040374028801743e-05,2.2430016000967763e-09
671,-0.01758262683287504,-0.011308859811562242,0.059536616305037475,12774489.79212413,0.030887226800409017,-1.5245008567577911,13.505255915714908,12783882.82131407,1.2695440231365252e-05,6.417714836583931e-08
672,-0.7169387717803336,-0.005593897820580776,0.2525849871227666,428253.47014075704,0.7804861255908258,-2.5997907301817973,0.7180573751455502,6384258.705050158,1.1352010841075414e-05,1.4678662560798674e-08
673,0.21294957100016004,-0.1586119287367425,0.920140593554643,2708038.808696529,0.2666147140536737,3.0633924490517903,4.581485880205418,1480241.5171121687,1.3572808580698477e-05,3.30815609323933e-08
674,0.03226099772939599,0.05046270848510758,0.2731742278215201,-6316708.447714766,0.06673923652078402,0.18209920406394167,-6.406617729039433,-6189349.365449527,1.4235441084927196e-05,3.8184932557413806e-08
675,-0.15844398728184172,0.2049892014774857,1.4878073660872366,5748273.8187301345,0.2726808309841857,2.136815506009472,7.315059125339698,6275512.374509426,1.050155042111505e-05,1.9464920764342517e-08
676,-0.05975941501558109,-0.06818513588674546,1.2331117943281331,11234371.835086811,0.07540086308545299,-1.2278271199100728,14.395930551689709,11092031.932267893,1.4204521360029469e-05,4.1809741507582166e-08
677,-0.21994340424547823,-0.10540074318612064,0.6495287600203233,2734571.3196609262,0.2466026445330229,-1.1854310973486566,1.564935622728408,238761.9569830506,1.4117962293433569e-05,2.7389298021676513e-08
678,0.11146275643489287,-0.4822920822774628,0.28421200526532425,-6766382.760276513,0.49012084089784563,-2.079315864912298,-6.0976429680214075,-6596842.356065125,1e-05,3.8908264696856624e-08
679,-0.20911145735560677,-0.002011100623756523,0.8867166297510419,-9570936.344136428,0.2291695345161509,0.49443248207829654,-7.390758562079955,-9272086.629892683,1.0797199175953359e-05,2.7192986950289274e-08
680,0.11325694748258883,-0.09994321912707713,0.0017123651499884587,12049485.980979405,0.14617240574085588,-2.765192890000099,10.159144863646201,12058325.61490241,1.0172704880546735e-05,2.8784146757789055e-08
681,0.034195090204114785,-0.03960213566699153,1.435612720639954,-11504112.982852334,0.06543919085578694,0.8195323614980015,-8.808439832074987,-11414939.124603653,1.071454179789179e-05,4.763611985945259e-08
682,0.0005248868654773982,0.0013400689705523638,0.6044651353908667,-3737140.3198719677,0.0023606425416462483,2.2735351325457964,-2.2690714542672805,-3597850.898971247,1e-05,8.062401636784057e-08
683,0.06797941715285173,-0.041357291770637766,1.3107077183746365,-118755.98079203814,0.06867065823726634,2.443609232191636,2.2432541224123006,-552601.341616914,1.8616248024121944e-05,6.627883095478419e-08
684,-0.16220779214830391,0.11639527610750815,0.28013399100119596,4266934.245875791,0.17407838161721043,-0.0782569711527851,3.9217695696876205,2092874.9425384572,1.1601584275199926e-05,6.751011346838229e-08
685,-0.020146030550129753,0.07160920314917948,1.4403958336320286,-3010432.1958902217,0.04619110184889818,-2.5102363871852775,-2.3507369819762975,-4520693.90422518,1.2857649848357776e-05,1.9620787977265185e-08
686,-0.30318921200075105,0.04259381339597777,0.7186674984725596,3900884.9002834,0.2995133485037443,-2.6200947813487527,1.0297341190566922,3833999.1214607907,1.0229987315548328e-05,3.780514988252408e-08
687,-0.021690492132563383,0.016108482428282334,0.5926247725031085,9894709.406598508,0.02608549902068938,-1.5651783411851317,8.893948718616791,9874689.336299932,1.0268117076741265e-05,2.234308972843871e-08
688,-0.0026180596145597168,-0.0034008018253627826,0.31996616951500423,-9862065.809552852,0.0021974884054724647,-2.427494360852268,-7.985883743090429,-9886844.703761965,1e-05,1.243836947079734e-07
689,0.1604712242334749,-0.2283662511152762,1.533614782297007,3950160.769081682,0.1380762511136981,-0.9260816365547514,1.594624069993257,-3355380.845666708,1.7673717823925746e-05,2.2620690034187264e-08
690,0.15899361771470039,-0.10668202225397731,1.3120432023053603,-9934976.2883026,0.20270316695513638,-1.3956350750986504,-11.059991212203775,-9707396.043733843,1.537020664639662e-05,2.441003021089373e-08
691,-0.6072206628340123,0.051491185849564865,1.5322877253166027,-7999722.100540162,0.5926776960866877,-2.279081020148443,-8.937813042536956,-8457651.607888391,1.4173389707489633e-05,2.415564578933575e-08
692,0.01847132195231318,0.0461078626143773,1.1680714719488252,-1769470.823190922,0.050118914721908124,0.22432528066124188,-4.002614173413187,-1456021.199574815,2.799102575295354e-05,4.3626366943928197e-08
693,-0.044226413956109066,-0.06415853579974672,1.1777437233842112,-10706194.534793567,0.09943012363522312,-0.387226443014951,-14.996078599737551,-10389398.072884068,1.8311335617355235e-05,2.6529222226476066e-08
694,-0.19343495761825347,0.30327237077531455,0.10940797620373471,8477447.026067521,0.40461258665242444,1.7227933356356597,11.440429099811835,9374591.108092956,1.565974807796355e-05,2.6813307658653794e-08
695,0.4466794595472835,-0.17849952565573046,0.07621508224219159,2397970.6464224923,0.4986220738146483,0.26856978130899645,0.16052171314948913,3645836.7937412406,1.6938916805467907e-05,2.1752090299272838e-08
696,-0.052748075285737134,-0.11372696033226001,0.25454085211897065,4958870.292652227,0.16124462723782806,-2.7163515228869834,5.65074793362409,6794367.079900407,1.1152779209473593e-05,1.632281405589995e-08
697,-0.156235760351082,-0.10132307826649765,0.8186057542158794,2619473.4577796645,0.08661585877041834,-1.0984464034124835,1.3064830250293962,-2212258.1285144007,1.5448618092146792e-05,4.429770806623405e-08
698,0.014296039507503359,-0.15217570744558678,1.4579217138619784,479070.22610359825,0.13848350208538066,0.25799234735110527,1.8953397077469059,1212683.369653511,1.9989321998469942e-05,5.492149433871163e-08
699,0.2507782235494229,0.15455596572774055,0.7491059297853326,7642492.020670187,0.2957230239853103,1.5207674602796688,7.595365222210201,7587562.853148124,1e-05,9.007146173945205e-08
700,-0.1072422759724062,0.05965493546747198,0.23500969718032022,12391397.16985637,0.11322388574701045,2.672588427784549,12.24374663618201,12371680.519879373,1.1710165964990306e-05,4.385040935872577e-08
701,-0.034153693418691566,-0.020049238371598253,0.645877947950154,-9211389.40384131,0.03941246366783425,-1.348973431630724,-10.075579540139842,-9156409.580420878,1.4112241389506726e-05,6.632647402430138e-08
702,0.08557707781579343,-0.04744656394667979,0.26049190805675565,-6388915.690826858,0.11183849995921717,-0.7487260647919529,-5.859715366180116,-5868942.499651981,1.1578892551081572e-05,3.712901348207886e-08
703,0.20691469583012148,0.02797243709737462,1.3480334686922768,6057737.97209502,0.18994933897337238,-0.5659360249762958,6.661567682549832,4935894.196971779,1.1600647019594912e-05,4.4776670099383896e-08
704,0.0754021864569477,-0.0737690446415179,1.5194336519547513,-12517238.902829705,0.10711554890763106,1.9561037882609968,-13.715453943085171,-12523002.686532572,1.4598242131059538e-05,5.329913516127479e-08
705,0.1783733960204218,0.12140400348479873,1.4095919434473272,-1426250.705939263,0.2139058624467292,2.037277525270432,2.404750547048061,-1467253.9968003586,1.6175787323878477e-05,2.6328316223346886e-08
706,0.10178916939398033,-0.04414358251674926,0.5897772867552912,6832017.035737336,0.13108427783422982,1.677930197499665,8.624898762981543,7341211.273464162,1.314943663546492e-05,2.6295713486021444e-08
707,-0.013467152679746987,-0.029678974310693582,0.42421578044960284,11434495.420201082,0.04784225408005329,-0.35126690543651046,14.184462164591647,11544359.678248705,1.447718270651188e-05,4.0785864747292146e-08
708,0.007398398346575546,0.20249161386725695,0.9390504158345947,1670087.735610079,0.26449611127987627,-0.5679356678232832,-0.2509855766513503,5305394.27453998,2.0189722467375688e-05,2.3044199504535382e-08
709,-0.3370389234043901,0.2220521727849888,0.9960205912463853,-12471595.522678856,0.3832661649288244,2.955620120039197,-10.17739776225602,-12516736.251001706,1.0700971103208146e-05,2.1696099565377826e-08
710,-0.0899416721965127,0.41628054158418604,0.8691777551586218,-6403412.055794895,0.45136686021773165,2.077253685519093,-4.636768186969239,-6072868.524306872,1e-05,8.297934978354469e-08
711,0.13793507591907128,0.26169421788150615,1.2620463088465417,-3025697.348129526,0.27938321683985595,2.7539631292704057,-2.8597180783611917,-4362889.164442645,1.2721353481461846e-05,1.3630688478716838e-08
712,0.3317777328917173,-0.04808706373046328,1.3329080015771553,-11924610.44582278,0.3377363463812408,1.4943857189074863,-8.665733436967669,-11805015.623139594,1e-05,5.424769715337814e-08
713,-0.002713887170134251,-0.013668500569881132,0.5696102649146367,-12859003.478213467,0.011191250548886953,-2.8143731805244454,-17.59151298547502,-12860651.603778921,1.6904913782036542e-05,6.393438687070873e-08
714,-0.012146668749823116,-0.08571546136960372,1.4562736875000566,-6869855.950420714,0.08241936040915422,-2.8126505497593755,-5.6079897846629425,-7141990.584707995,1.265829535251796e-05,2.975853167532012e-08
715,0.04831705828986256,0.11024349258746331,0.5575686875335361,-4469158.907397915,0.15143213618708928,-2.88713089464033,-2.8635845736193843,-2408867.7128205965,1.760750560461438e-05,2.2328765639950884e-08
716,0.003991805526695374,0.004215081626473123,1.3092539029331938,-3755241.890466312,0.0028189435200614617,0.3319456457779149,-2.7123895142705985,-3923544.3877106914,1.33214276810047e-05,6.285345732208795e-08
717,0.06527621617012438,0.050311379760590164,0.03637861255904618,11088435.038824603,0.06395267792730301,0.0888493508301378,11.552553486481864,10913012.908057107,1.2673198898426907e-05,4.8982771195676905e-08
718,0.20080852705305777,0.0577770680984969,1.261959256532714,5313699.881692093,0.24672547471776582,-1.0764761566650012,5.995581221828871,6552931.608312166,1.0903090954979944e-05,1.953895725865886e-08
719,-0.1215462475611146,-0.29004224676175294,1.5148726529858374,11221157.538849153,0.3440557855216646,2.3615896023471787,11.511396452741105,11505933.352371847,1.0568803134519695e-05,2.2752125380787785e-08
720,-0.023720275424148424,-0.009816287986925536,1.0894043648089815,-3327107.538520867,0.07111968115578471,-2.233066084425109,1.5902983527067382,-377057.56658265955,1.4489670543288709e-05,3.2299692862833784e-08
721,-0.030264291132193772,-0.03558107310895481,1.4144101473557964,9894914.13832413,0.04060118529117903,2.567779377730688,12.30123335816222,9784674.32372837,1.3230516540332326e-05,4.104880921424346e-08
722,0.26646696326691244,0.17444343360914988,1.4632740233276493,-8692544.610125806,0.36704562019804815,-0.8238268449382021,-5.589977980280296,-7815655.329664062,1e-05,5.357241219141175e-08
723,0.07846792560217192,0.07833816071732738,0.33252302169159775,-4875665.635430505,0.1331402503921783,-2.8981032896658583,-2.736486013593609,-3405883.158054167,1.61136175116864e-05,2.28905782358328e-08
724,0.17569071195762942,-0.12980957916165817,0.7963101799249921,8163093.7101052515,0.2732553918776321,0.7328304372757211,8.034555992556498,9198684.65162752,1.009888861142652e-05,2.472215285662967e-08
725,-0.029308902549780212,0.021081822186401103,1.0789066861239303,-9931495.369508285,0.02730322241575938,-2.875554986723046,-10.058104628490419,-10081697.825660752,1.3412824537453488e-05,4.2800556776901496e-08
726,0.12159888776801552,0.269623106383856,0.4594614858098943,-3479488.6989717465,0.3977104381649087,1.9709247652463286,0.8078538792058549,412678.24901060987,1.4802837574313042e-05,3.127911786942672e-08
727,0.031682452370565516,0.16854300509186992,1.0389490701985837,-8192698.767860986,0.1384470971958822,-0.15957899030991432,-6.309146459238226,-9069198.615747485,1.0188089779630524e-05,6.269659321017437e-09
728,-0.002656773220106295,0.03560096011426159,0.32739145345367865,-9118656.146429703,0.05437158835829091,-2.9153850382243793,-15.779815540565542,-8721513.344953788,2.162525367485099e-05,2.673595986350149e-08
729,-0.08064507551504299,-0.008728133631327253,0.10281189950192661,-11354045.257543435,0.06029253285998591,-1.9336455138497868,-22.670677289967124,-11499822.526683128,2.381692414891952e-05,3.598589313157753e-08
730,0.05648183289158485,-0.002762148683181214,1.4841453530998134,-3804590.4455531053,0.13232204551474383,-0.1952287913060958,1.0088898038738239,366687.3916680369,2.8806759275761528e-05,3.413159650615767e-08
731,-0.03443981720841937,0.08073757852345172,0.19946685452254778,11821601.533661995,0.0959345708782475,-1.0420744108601216,21.53465260225558,11862964.715468228,2.1810081992306258e-05,3.164236082704815e-08
732,-6.25817767613123e-05,5.455040588883407e-05,1.0642568433333357,12503818.819035865,0.0016462722705014204,2.0551088522914522,11.350429047979054,12504637.85574505,1e-05,2.8781829295630262e-08
733,-0.17251668121143926,-0.032841457593315256,0.3997153390551805,-8090437.7540635085,0.1822182109474767,-0.3868407673046047,-8.863029064350474,-7688443.262586398,1.35670887997983e-05,1.2739602856422499e-08
734,-0.09809191869110098,0.3947782627076393,1.4676456959200068,-3476187.611318661,0.327657917155008,1.7872652422669721,-4.170215998928549,-6639359.110979713,1.4709748956108367e-05,1.4999200497160402e-08
735,-0.11357543292248228,0.0246457784464491,0.5233687358954785,-6431543.242704643,0.15062098186019182,-1.0262048350635637,-8.908504542475105,-4849122.589394229,1.9791686583540734e-05,2.7749131453239245e-08
736,0.07619651872957127,-0.06268928282910884,1.2571769470949705,8403657.41282257,0.0826715687041037,0.5073022214350255,8.36232584077458,8073285.069533043,1.0652837529596471e-05,9.600551905830448e-09
737,0.25840462385589463,-0.1643259853662935,1.490038916936932,-8751454.719103362,0.31699140019958927,-1.8038849711150158,-5.464271800199113,-8263379.267994219,1.0362710065513977e-05,1.511291939641569e-08
738,-0.10148439171894799,-0.01198638989614118,1.289511696556588,11460936.237030793,0.09873129090453067,2.239784193953783,12.473646980454808,11404524.656587856,1.1693135163912704e-05,1.8605880922117617e-08
739,0.004373490896689151,-0.01377568704975826,0.701723709265403,-7386388.54104366,0.013050620394340236,0.63258272470159,-8.770897010432583,-7447144.92293635,1.5102735503037515e-05,3.7326005578134064e-08
740,0.27532836852037745,0.3340751689604638,0.4914595213208884,10025746.162000228,0.44335001202881585,-2.9102994627355696,8.659829592131395,10178998.025452418,1e-05,3.730699509296834e-08
741,-0.016680613445744962,0.009653059186517121,1.0133297228500577,11684964.98972987,0.0194024313247108,-0.9547892247609567,15.841553230544053,11675085.854227995,1.5337440390166296e-05,3.876679723123856e-08
742,0.1753333227425013,-0.12006063171166496,0.18531008197567486,-7013388.081073002,0.23802614108160774,-0.8956618063358697,-5.914962103685376,-6256802.27191014,1.0650980415593565e-05,2.603921662374257e-08
743,0.20467779851305692,-0.027215978971209222,0.49325494451579754,-5012974.207162839,0.18526650627524868,1.0981409772698065,-4.104791109510598,-5872169.03156898,1.0110938794169754e-05,1.4597209759178027e-09
744,0.05973243708084976,0.4252008677912273,0.5879091391459899,-716766.3987756614,0.5186299473762127,2.0877550889673677,0.7063619392388193,2099903.8519083015,1.3620751054087812e-05,3.0684330966845855e-08
745,-0.12528438664236047,0.25433172445662944,1.4589581441717931,4093054.714993939,0.3453475124317472,1.515200148467906,6.9091830861059975,6325373.144686077,1.2195220123855346e-05,3.074766016796162e-08
746,-0.00010727719739340639,0.05080936971138034,1.0212649745954476,4616812.100881666,0.049513427536437504,-0.33971989360244254,5.451796902031574,4383949.5162128145,1.0363786376230128e-05,4.042070847001415e-09
747,0.05103996368305851,0.5126277580474977,0.16826067893477353,-8146649.205857865,0.49342049905172647,0.738114322842272,-6.127719715016192,-8578397.424891712,1e-05,9.087796847148984e-08
748,0.17276445000005705,-0.05278704161529639,1.4912180735690104,7713655.425523158,0.1516947457298324,-0.5968468456698411,7.308359142009114,6966074.985867361,1.0047497864161975e-05,9.499572832394744e-10
749,-0.1280115836669459,0.14646444315670873,0.7481904742870115,3946267.7421604283,0.12097483929867632,2.961575280011038,1.2479118051984983,220378.69845468245,1.6346155310946628e-05,2.5794254377618724e-08
750,0.1300383023491046,0.12002365560160043,0.6002312204722692,-10082086.785037965,0.16993271666173818,-3.0915104627961534,-8.966097619815757,-10189334.621575335,1.1336599152922835e-05,2.378679334586373e-08
751,0.26440920291569053,-0.12803569328305253,1.0699262256862325,4207915.803160388,0.2771434259665044,-2.9646777725497446,4.795984858467451,1534440.7371464176,1.3032045727667524e-05,4.211174621760449e-08
752,0.08320707054514813,0.005417453470695498,0.1685001484914894,-7376226.2064012075,0.08840614779195943,-2.66694435485465,-8.258757470311865,-7223246.139396804,1.460061025721287e-05,3.500828320644184e-08
753,0.03339719498690685,0.15457911360927826,0.4802906282467187,-3825062.487415839,0.22464122838820094,1.1415399206830001,-0.04132792042653538,1580265.6541422117,1.5184132601264195e-05,3.122971446544695e-08
754,-0.1196281500735524,0.04816982675155251,0.5592151540060714,7691739.68772947,0.10533007855224202,-2.1643792127357306,7.86814585988232,6750063.601611507,1.2335143116192557e-05,1.504980341498477e-08
755,-0.005777487716289362,-0.009143176453840088,1.215154072457338,6509.179574845359,0.023859743423252717,-2.0556974678644973,2.840878552396585,670581.3314495769,2.6804180309609518e-05,3.556246736297599e-08
756,-0.10523963637293511,0.17412085522694612,0.8915252595377176,1293410.7641198672,0.09414167228344689,2.1546144476424924,0.3704025167338726,-2973238.5733218095,1.623973058020135e-05,2.6842903297976033e-08
757,0.05811335729695015,0.5884693034387987,0.5629370632043397,-11233198.08999817,0.6126780032276663,-2.4700925976842014,-8.5985767606771,-11246503.299203038,1e-05,1.333998316286689e-08
758,-0.04981286399770509,0.03567456709941751,0.8416856956089872,8956139.409465186,0.04619361174494824,1.5030618553306845,12.101885940699521,8582770.262903448,1.539822904884101e-05,4.8202216595815e-08
759,-0.1964497025720183,0.27849996443076186,0.7927703020236799,4308971.293593083,0.1742313410780845,1.893845756391366,0.5248049189761389,-4870046.208171876,1.7505541894749514e-05,2.998901055168302e-08
760,-0.25562246566816255,0.015066299332438287,1.11524159495891,9906035.263864867,0.2737039374871439,0.8484456324789844,10.962428352764608,10000739.153539779,1.1961577752429634e-05,2.7627855668023007e-08
761,-0.03762761017763305,0.00687836988821105,0.39933559566908683,2938817.6201070566,0.033028409018466286,1.446273104280005,5.530707606410543,1994066.4743963322,2.2851564063680985e-05,6.705963965528565e-08
762,-0.011642966572636516,-0.08500189208298597,0.9683334219768668,-9524499.40520029,0.09842821952719828,1.5750383722504249,-7.820961276901422,-9310496.203308111,1.132805521248312e-05,1.3020149141991367e-08
763,-0.1028038979485995,-0.2335604672182094,1.3444504153243737,9914084.090299465,0.2333843865112393,1.674539267058683,10.811000349515314,9460455.493068762,1.1587947078662488e-05,2.1458744306249823e-08
764,-0.2163406468651797,-0.25585221715473183,1.151652619828947,2076333.1004421078,0.27024047361834097,-1.4278745999101168,1.1370893869353877,-2821647.429557324,2.0544254897299392e-05,5.813912916237226e-08
765,-0.26437630119161043,-0.0421028373834995,0.18853760288505897,2077000.3855641205,0.24889307906251648,1.0556554157123443,4.192689303553445,1452979.1177249604,1.4294727907359927e-05,2.8254788864210043e-08
766,-0.16261583619215073,0.5401848095292563,0.014959080135143762,11619567.676032022,0.5834696745911859,0.0608224446695166,9.732177199452908,11794949.547286343,1e-05,2.9443939562241332e-08
767,-0.2712053905397643,-0.10038772967110117,1.1040243418368254,-32797.11092753522,0.36056872129444795,-2.183627600553928,1.0243665200501746,3336750.9774005357,1.5486122378964795e-05,3.5647384154634326e-08
768,0.1368535887907041,0.07189001690757918,1.1561336159025162,-9961260.473337058,0.1639130192721965,-2.6880305701294827,-7.680421348726455,-9849301.17036904,1.044026716440234e-05,4.110287496361182e-08
769,0.044586072480866525,0.017483382394014528,1.096470806434889,-12658777.097164825,0.04149912264260456,-1.69626970418193,-12.61291986080184,-12667592.842135616,1.2922252269262274e-05,5.313185944113224e-08
770,0.1032272354756209,0.18983102966394394,0.9531212298639393,-10998389.046457786,0.18918137651435663,-3.1415676510123904,-8.903362292831405,-11269032.32085201,1.056767258653846e-05,2.824540484229828e-08
771,0.0025593331561853568,0.01776878459277969,0.9717872548075904,-2801220.695296716,0.016864241897476158,-3.0702747704788944,-2.9316012303714256,-2851462.4572681068,1.4856747972679602e-05,3.161375204691952e-08
772,0.020206008146535993,-0.013051690373585539,0.7858494151248483,-8609196.306889705,0.022811944444445162,3.10357761228466,-7.609396538262949,-8713423.300900964,1.1452401034682655e-05,2.90768174524604e-08
773,0.2555326713723458,0.18619073418661866,0.2011825737747261,701623.0284892172,0.284703089306734,2.1812641285660903,0.5750769255703478,-448479.1502421787,1.9788280768347415e-05,5.861245969070385e-08
774,-0.15123717088966657,-0.1226290317637037,0.06334299812219353,-6299661.058693672,0.18580032146331746,-2.4150219451461354,-5.791344552965949,-6821465.57671673,1e-05,6.22370300326496e-08
775,0.4205963715840962,-0.06447356013609087,0.017266584203672906,1312708.9226004407,0.3841142745916521,1.13675834854102,0.22683967209023617,238499.298545972,2.1413609962686703e-05,7.867947550203503e-08
776,0.2102002563632187,0.11416284721532473,0.32830342166029813,8786865.015598401,0.21436030148773513,1.525379926592427,7.282940234020436,7877738.874245516,1e-05,2.453806987382827e-09
777,-0.14675708305489343,0.3458151741183721,0.8096177910247186,-852534.7487378679,0.3654374843955166,1.596073154675137,0.11895179245698302,899521.4906503217,1.3071735688307926e-05,3.942253965102593e-08
778,0.029372972110184647,-0.07145181302850058,1.111720483661276,4495392.100864071,0.07540381479164178,3.001056375141633,5.462527647346593,4494965.874705763,1.537724353653951e-05,5.1794657079229465e-08
779,-0.07559937097771917,-0.10651812250825013,0.7276157104758805,8266326.718413562,0.11493927188218747,-0.496211217642799,8.319458875619029,7809909.443833557,1.125975365768667e-05,2.624486786847228e-08
780,0.03918477541588291,0.019601574594013706,0.2276151806538835,-5753662.657333493,0.04177516309123535,2.022576991767146,-4.253910585547364,-5839096.31203877,1.0482223718549568e-05,6.104097703159075e-09
781,-0.17061026500335325,0.1457617407562702,0.12984916654363118,-11172962.563199736,0.20760224949486003,-1.9067159331207868,-9.691265323194497,-11356311.191913651,1.0362260826637288e-05,1.5094201109886965e-08
782,-0.004908439913332531,0.011342784197045618,1.4452406965363105,10427807.650140569,0.01828043675338794,0.7207603170488461,12.437995685650005,10501804.639845913,1.2652792190263478e-05,4.17242594003815e-08
783,-0.012633073541954875,-0.004008222488951914,0.08033585151103607,-2947110.811796058,0.013830094297065242,-2.146073187343242,-2.840865734577997,-2982263.719246601,1.0338685253902704e-05,3.386852539027029e-08
784,0.1625622782128878,0.08836217192683483,0.36506848637413664,-5939373.858894727,0.18745400691087558,1.4013056001294208,-4.683529405937827,-5384031.118400795,1.2031659303584972e-05,2.4776332970548426e-08
785,-0.00527546646408287,-0.00932057138368107,0.6872202054327604,8589688.450072546,0.007451097762125323,2.3383350540496117,10.562060104829662,8545548.963053217,1.3845311946425212e-05,4.378881846785345e-08
786,-0.17396619587197426,0.43130548105286676,0.42291564051746383,-8901171.753943136,0.46987630529417745,0.7769689558561563,-6.340482571014232,-8391399.676671159,1e-05,9.446751755177454e-10
787,0.1899753337151205,0.5842713789442274,0.7500276910141703,-362699.76752722636,0.5471642940221194,0.895089298891674,0.3667328209822563,-5748619.713951107,1.0624343560458952e-05,2.053748984750495e-08
788,-0.15762250559058755,-0.20480542218404837,1.3001405845656102,-6459610.609071644,0.27496781435281886,-1.8151560630125667,-4.1811012969191195,-5224718.870678289,1.0879457049601823e-05,2.3410870063676835e-08
789,0.014598680321917532,0.0071315551334546045,0.8895564927067323,-2911358.3240374364,0.016715436686396253,1.1910542804069855,-3.5757568748722286,-3111634.587599164,1.5374781170446663e-05,3.733257892398782e-08
790,-0.2038841038726779,0.035143794757099896,1.508577089198384,-2563429.493671311,0.20883752126339966,-1.9501140664674959,-2.899580798815581,-2434619.2565663806,1.3556416877287854e-05,4.306633733186624e-08
791,-0.049061809741500435,-0.0709446261981999,0.9797571835107133,11842266.57451908,0.08750806488155467,-1.288746981690416,13.93032814039611,11825975.561417691,1.3298247619418133e-05,3.566427976266665e-08
792,-0.1352746747418275,-0.051213973131989686,0.4533613970743174,-10770925.464087142,0.1520663419317174,0.10219300864512665,-8.591417027125184,-10593432.626729071,1e-05,1.3060015165180147e-08
793,0.09787867462750809,0.040541952551380205,1.5286411003027824,12742291.668276332,0.10946455043685664,-1.1209282234165239,12.179326190528425,12745339.689224618,1.0094950264266613e-05,9.495026426661203e-08
794,-0.027606165479839545,0.44748544494947634,1.5126948525352741,2167199.302260548,0.42688922885174935,1.4512876964267523,1.4141892130783362,-1591721.9138881925,1.0742288926773455e-05,7.422889267734541e-08
795,0.08807522546857867,-0.09274965729499562,0.7402087852120449,-4917009.253570853,0.12476456653844499,0.19261807199611206,-4.073730626712608,-5035303.797097934,1.028678908602642e-05,4.609092389036e-08
796,0.03017035618144352,0.03408737595851185,1.3375295223678627,-10315823.259511005,0.052386230471834605,-2.254662500817182,-7.4974284339568085,-10230558.337749183,1.0216016316628541e-05,3.08594738040772e-08
797,0.0033839191369590023,-0.33727703700734546,0.04798546783591838,2436462.9856495243,0.3415132185710666,-2.3940971910878934,-0.44141705341831405,5284876.713117105,1.413487301079843e-05,2.0652433274353986e-08
798,0.05669618679272702,-0.29601636915179236,1.2654547265186338,4570517.417112652,0.2612993665551233,-0.6253228533751242,1.7606266223775413,1728809.3338145225,1.3015939065600962e-05,4.3091450447284e-08
799,-0.08933453424326906,-0.01452601936807957,0.013352047962790787,-2289771.650081396,0.06313775353081004,-0.03194608294514119,-2.768262254619045,-3913055.0108067617,1.0368022160036076e-05,6.571824286358478e-09
800,-0.05481803000096758,0.017046824500750554,1.3207535504848342,9325985.046491597,0.06179072544317487,1.679359317213711,12.48470107992557,9374027.753519107,1.4164372131948927e-05,3.769936154715784e-08
801,-0.46030582418944965,-0.11673124191468147,0.9988594111030004,1416111.4287009034,0.554235439494959,-2.311763840289601,0.8889560530208761,2191044.1581928045,1.7705651159728355e-05,5.9065037592918664e-08
802,-0.06344468617518612,0.08026064225974837,0.7779794238377944,-2882258.2306846734,0.13213592215793973,2.0263699355558433,0.1167178846621896,-1109526.9267067905,1.5043516981485395e-05,2.529400078039799e-08
803,-0.016753567422219083,0.12213648813384402,0.5143528222340515,-933313.9941368438,0.1385382891208628,-2.7612597605317317,1.0100212507412036,-538529.6787953093,1.663931489446453e-05,2.6011433816079405e-08
804,-0.11981293942045278,0.4563216861931206,1.2007800865813092,-11672546.607265757,0.43138454339924837,-2.731742321955033,-8.713467034385344,-11971613.324466564,1e-05,3.211402811619401e-08
805,0.12057712594654478,-0.19990232526829488,0.9037496552512078,9235443.62434525,0.2592855817778638,2.339743434207422,10.012281277039358,9810163.618206842,1.1739426992030742e-05,4.045179051234281e-08
806,-0.6962688164406049,-0.09226518782711748,0.13073161941701783,-1353854.2141602095,0.7984966944002412,0.2314445122868869,3.150235327318047,7008451.579676306,1.2179659855931709e-05,2.1666223714617705e-08
807,-0.14899302598886885,0.002780355623980489,0.38612392670935336,-12516272.195058744,0.1589546645341661,-2.955620019019268,-11.132370369185265,-12488963.465650981,1.0948580926193911e-05,1.2818661164782575e-08
808,0.3778468570219032,0.09735998223543108,0.7491005370847562,10462434.974082664,0.391382459776244,-2.6713197600933345,9.72326951537485,10489981.162473496,1e-05,6.144601962747112e-08
809,-0.09844107828984505,0.1515052290203444,1.4281745687018028,11645996.403958466,0.2036922045258573,2.166644067055712,13.371890040632843,11804949.733471049,1.2257787205484963e-05,4.718108486674635e-08
810,-0.2581775286161928,0.03482627126054415,0.2078714417958842,-6448380.513086042,0.24339218096169385,2.6046409442579743,-5.978815994785599,-7083256.720184347,1.0681222798197322e-05,1.1167586855693798e-08
811,0.11961925318681824,-0.23591991660724332,1.157071470752698,-1746804.204081934,0.2903154153951169,0.40105053157121123,1.8492794085682773,-713455.019137308,1.553189363892471e-05,3.414749159830069e-08
812,-0.00857596203758501,-0.1271016121113774,0.007574107972050584,3726740.710777916,0.10796310337871994,2.684702894344062,4.460419040920478,2816486.752100831,1.4305932878899674e-05,2.529028539291592e-08
813,0.03209663997997783,0.029486447762674055,0.13164487204731257,-12105014.355932033,0.06349014035373611,-1.1860304794020025,-13.600039283700122,-12014577.274608279,1.3617799231563774e-05,4.1111354904133784e-08
814,0.07418279965886924,-0.1608284067344762,1.2024467133670047,6726854.580996178,0.17174921689077147,-0.9808797879784042,7.4871439275788925,6669509.782275328,1.3211438795769655e-05,2.6584638518200807e-08
815,0.05469888915189059,-0.03686322448015703,1.138188785881829,-9071749.381765567,0.07977182317964983,1.801491707042851,-8.341055117571942,-8685943.199969403,1.2709247778304245e-05,3.639780402689463e-08
816,-0.32902165142297557,-0.1449810864059055,0.8565023921915884,8687010.1014871,0.3113925553777691,-0.6456444283530414,8.743520721427641,7462415.234921262,1.1898186348685377e-05,2.1373010900362786e-08
817,-0.12927082289158362,0.008586564262197702,0.6366999766289643,-2866118.653261099,0.20160706429731728,-1.646008965034136,1.4013469525543552,1725243.658283,1.6484903869109184e-05,4.8036324956363994e-08
818,-0.1674111290396389,-0.09783472235567314,0.06897406802225589,-873126.1888466608,0.24780391704126478,2.869927370895556,-0.20197097286300078,981690.3888177581,1.8444804747330547e-05,2.4648638150337974e-08
819,0.06091426900165553,0.06048488058574204,0.07172935135686302,12357970.184235469,0.08368600851278679,1.2968532778483999,12.741320781598796,12354365.375289157,1.2401051600776183e-05,2.6385182426111895e-08
820,0.021217486106871224,-0.028970606594070563,0.5282117034218666,-8119427.752732517,0.02282625208249266,1.3845040348717017,-9.290333965344765,-8465283.66978601,1.412877160001217e-05,3.118310629000972e-08
821,-0.012548367954649158,0.06880324791101698,1.4744706069669022,4235482.31197536,0.06783421070021552,1.4738436351524056,7.284111592774051,4026885.442353695,1.4588342897867793e-05,2.2959223905962428e-08
822,-0.03914908852200342,0.13375346018848316,1.2067591437046912,-12085072.315404817,0.11813082769828416,-0.5178598897218221,-12.913014225126124,-12194462.046088582,1.3908327436102295e-05,4.766252970856456e-08
823,-0.00012425636306780965,9.711639584348837e-05,0.9060163377298542,3818888.236815702,0.009250934522259958,-1.1906140730821475,4.287827849704776,4411340.385005956,1e-05,3.9062900322079055e-08
824,0.3159216889002045,-0.04100728993924174,1.4058054529224475,11280420.036267277,0.30960379854889375,-1.7325581433239285,11.729365454321375,11034951.314688826,1.1171994093494839e-05,3.732747748331531e-08
825,-0.021423365060489297,0.12801423579989216,0.30542044217952496,-6642274.214256234,0.13522559244475216,1.5163396016127182,-5.589789313562019,-6131544.512457623,1.2169695336943836e-05,3.056096993063237e-08
826,-0.03392949334122366,-0.37426156677690275,0.13892962579813423,-8223992.76269871,0.3325276276907435,2.9739575236995464,-7.1699865993344005,-9347737.712382784,1e-05,2.375210535829483e-10
827,-0.09611261242976633,0.014328134447504425,1.4280522233885613,-10150759.737541402,0.0833179718288421,-2.542090357779007,-9.695133258633597,-10334554.184980758,1.2884838367360603e-05,4.031990724328771e-08
828,0.2761085480339003,-0.057088362837864386,1.5325707237703055,8938840.259899188,0.25195550525766325,1.883063434982386,9.504072288318653,8187137.127650152,1.1539865491505332e-05,3.860663096681996e-08
829,-0.09968969410448335,0.02228111366203827,0.5656809972508611,-12953308.170418117,0.11322032135665915,2.5134971574732607,-11.565425555439523,-12951914.214214029,1.1158636314471489e-05,1.587173033522586e-08
830,-0.1380451489938124,-0.04822130919690903,0.8751793674312309,9892052.655561019,0.11337195523364862,0.8076781899857679,10.374874643434287,9290877.866268178,1.1938462845474371e-05,3.3875032301674114e-08
831,-0.05604287670610054,-0.0059950515495716655,0.032744243546014205,3033076.2268528827,0.06579273679537943,1.2143079817833313,4.488422116369763,3421260.258006058,1.3748137500279035e-05,3.405473632375036e-08
832,-0.025551616900938063,-0.4392317012170786,0.791199899405934,1796804.233239688,0.3602414020366251,-0.19704853274173567,1.9486818527094973,912525.914937393,1.3936221978211411e-05,2.8071327962424526e-08
833,0.10675209823245337,-0.5493691048655984,1.1381111992416997,-10096805.07331027,0.6174911947275693,2.2334594924362565,-6.851875477451069,-9355942.28651809,1e-05,9.560172561602143e-10
834,-0.09985854222500126,0.2288823680503421,1.0817426783487387,-4650729.690744972,0.2356244697798398,-3.121477227477786,-3.585774385430798,-5864690.705547985,1.0346333364665199e-05,3.463333646651977e-09
835,0.015215374603698048,-0.08948946116588152,1.010471847893254,7214850.05537755,0.06716292541899652,0.43049316239423197,8.897652414595083,6401859.327694242,1.3951810636382933e-05,2.6004541544709762e-08
836,-0.01493857473555948,-0.030145571699993053,1.5129254475692524,-6912671.973067524,0.027203268011090513,3.135927920914289,-5.7262661813657,-7220279.332113273,1.2459931835983388e-05,1.921821746862021e-08
837,-0.16395154505281495,-0.011996365428930846,0.6612897864900814,-3223806.575952919,0.27060761316644466,-2.168609497558184,1.0217372371295592,3996672.335247615,1.4308372548763194e-05,2.2235053487394958e-08
838,-0.00047544210545259893,0.07812853851827259,0.6995791816679323,-12619452.63878401,0.08324819514856202,1.6233020120748418,-17.22354468769208,-12617246.162321597,1.702492235550774e-05,5.2424793697818946e-08
839,-0.5748948220212864,-0.15493734673603474,1.3858003670349537,4311567.058492005,0.6220065915595235,2.8661432794069697,6.6833572262222685,6063837.287693846,1.225034889375583e-05,3.190374793744091e-08
840,-0.006638772214228553,0.0024185750983249754,0.07279073367579207,-10385074.84824594,0.00782988081228941,0.5517274539684016,-13.186997333046458,-10367850.929259846,1.5255218004597288e-05,3.843587779559585e-08
841,-0.041873470837968926,-0.025377748613070017,1.3249785739953284,-6548341.469941384,0.05602201361758432,-2.042312124222652,-4.239651667574042,-6250367.183397883,1.018777047612797e-05,2.407313796512435e-09
842,0.04890160620848464,0.01473145048864277,1.490852040738205,-4031008.468958441,0.06350870323350781,0.10955293598915469,2.0994903338351683,-2623004.5545281097,1.7847163445580235e-05,5.210054782693276e-08
843,-0.18380959656407125,0.31078592664268195,0.06120746607723743,-320101.96062253416,0.4358678985148723,-3.083447936888042,1.0445194567985743,4690659.232329609,1.3873985805645003e-05,1.3979285474784712e-08
844,-0.207795595683389,0.19593053121211496,0.5605305400610326,4065356.548019342,0.22758690714763252,-2.8113657616471266,1.1999137645107893,-427994.65091579047,1.2586365267988056e-05,2.268741463147417e-08
845,0.45367852106236906,0.10723923835877545,0.06379359968541526,9878585.07846719,0.4177994820158056,2.3047182801132307,7.8042866963165825,8705645.71258818,1e-05,7.908366362360804e-08
846,-0.012527586279179598,-0.021638419636558666,0.28278130568887927,12655668.317195892,0.027120673691780124,-1.6742297183563297,19.02164952271245,12657600.294283232,1.787884019688494e-05,5.905639475175011e-08
847,0.01871897166606283,-0.03164850453566964,0.28263524119717937,5306479.623836629,0.034413633860096084,-0.8827691821032749,6.707823480504458,5215384.956645327,1.37959388927687e-05,2.891755038958004e-08
848,-0.19312039785760224,-0.14849734011614338,0.9124615486987807,-7820306.4009142835,0.24356308487385042,3.1390966811207193,-5.4877817808391605,-7738701.369097482,1.1110881731088408e-05,2.0865020060125553e-08
849,0.2289300415799013,-0.11211580620446625,1.0038916839058654,-1391969.195918493,0.2869980970045021,1.0421142991907335,2.2572688057492427,-1139046.082715298,1.5895006774726995e-05,4.357108915169769e-08
850,0.12978441364339297,0.2155744310309756,0.612305695425411,8462767.504581232,0.2706984935513337,2.9237169702380386,8.443783490187524,8969345.994506324,1.1154050835816834e-05,3.373804378425278e-08
851,0.13760095461571786,0.049783844936606814,0.25833295429811076,2031113.4596346244,0.13438075745926348,2.666115631993629,0.8583558661152028,1670824.8530798117,2.1791744006933348e-05,3.374100451132024e-08
852,0.09222015755959605,0.3452614161461558,1.3548683537614652,-8942214.412644953,0.31400964690176886,-1.342585303874853,-6.892205357847033,-9576777.027345052,1.0557920132513848e-05,2.936421750072881e-08
853,0.30573038228789234,0.1827531013499736,0.13165969874739403,-11106878.80142738,0.3813522071214484,-3.0080895960874265,-8.912130539118273,-10918552.167788798,1e-05,5.195098802269135e-08
854,-0.33302553063043666,0.1726036324169755,0.7514380791177091,-8165248.394115286,0.3639982684715802,1.625533594290056,-5.954115157660856,-8189574.271082588,1.1027984800019367e-05,3.0234847059393136e-08
855,-0.06258151393756152,0.02409820026981087,0.8855042080855441,4797790.060338736,0.06725077356102004,1.7419671971843198,6.4840033948789815,4631302.754807485,1.66754609732585e-05,4.2468185852047604e-08
856,-0.07900489567281763,0.037761355507989404,1.4103693576344076,6878314.023942087,0.10856519361234794,1.807491623477472,12.793286837135916,7638389.366801135,1.8652253313439164e-05,3.3865514311440665e-08
857,-0.21485827300339722,0.06588918122085187,0.2877432805560537,7055734.482658777,0.2027477166624531,1.1097457415433787,10.584934400539355,6493552.626791064,1.7215874178405557e-05,2.9187907425518042e-08
858,-0.09285619068757638,-0.15893610451210918,1.126460955001706,-6157746.973713097,0.21492293151119746,-2.5122375891151343,-4.936251235110751,-4867937.846989021,1.5518554280612222e-05,2.1556852658641496e-08
859,0.0002620494191905524,0.001795131760799985,0.8269526830996226,-7851007.160426915,0.0004815195296109542,-2.6845174200397572,-5.788160670021106,-7955908.230559027,1e-05,4.575978614953358e-09
860,0.29444356061034693,0.2828972314403494,0.2702538995782547,-1885179.8777741753,0.4863598073124038,2.1579875781204447,0.7162715237694656,-19751.174554583926,2.137209930995617e-05,3.0830878212550875e-08
861,-0.06162384879341847,-0.004773132761993619,0.9744367145461219,1967392.4011191782,0.056839681004396826,0.6043918328207842,3.3049749062741953,2064719.869538657,4.038879641051468e-05,5.5030728449107864e-08
862,-0.1774136028651556,0.4503354523914344,1.031107483195763,-12154252.467674864,0.47900299548985115,1.3195833437228872,-11.024004223454746,-12200361.47793704,1.1813382849220376e-05,1.1624249033463944e-08
863,-0.016324600202402506,-0.1197687064477253,1.4557455311273317,-1522614.0057134163,0.09778955632205512,-0.9481708487775631,1.3104994124504021,-3287572.035471946,2.397761606019177e-05,3.607497489559974e-08
864,0.07620769488691861,-0.10927583742888498,0.6120802661626397,-251251.1890943423,0.08046115039697756,-0.8899082941178196,1.101942854353353,-4265316.598444166,1.7583385799515684e-05,5.0704363518118105e-08
865,0.056354657048158244,-0.03481137645925529,1.3918929083577254,-8489566.53243054,0.07391042304420797,-1.408356364117779,-5.4013976150900715,-8187555.8104677275,1e-05,3.5984530839827824e-08
866,0.026395579222521687,-0.020646416101397135,1.3984011838862307,8032060.860370509,0.030848341131721295,-0.0816914662481043,8.018433137778747,7951024.927009643,1.0248047085680447e-05,9.54027252617099e-09
867,-0.005966643060604851,0.009912006236292284,0.7351737794488702,8344171.629375178,0.012693128950595189,-2.315860112622563,8.70876832573705,8385861.712774908,1.1571101537519447e-05,5.560886901684497e-08
868,-0.10859172269387957,0.04179040676363484,1.41876836564096,-12149016.684829721,0.09001444732470097,2.991227358694653,-10.241539895587918,-12248985.703291932,1.142694413038992e-05,3.42383564477912e-08
869,0.03848302705930645,-0.025891123058539252,0.7767336952116041,-3082100.5791494492,0.0340232336795424,1.3406231482094746,-3.2352283230466585,-3940155.851014084,1.2431617458423619e-05,3.330982819758381e-08
870,0.06878251766900408,-0.05487376454362459,1.5355015039607185,8188688.588308271,0.07874648977210554,-0.16176344209372254,8.107004222415394,7978838.313319436,1.009231416346968e-05,4.615708173483934e-08
871,0.1086483449377633,-0.1916939836566816,1.330824112015387,3632108.2996766157,0.20198454519308073,-0.3713900247238818,1.50524986306302,3556534.001129702,1.0317582741080894e-05,3.414868183665521e-09
872,0.16832450665574542,0.006265510096004378,0.9809490558625926,-3746695.633769665,0.1793405235268486,0.9812328249590138,-3.80115383531729,-3461298.8572421167,1.2817721437478343e-05,3.7569619166377897e-08
873,-0.051408716540779026,-0.0304049053338727,0.2777901481834099,-12218784.400586799,0.04753790792159422,1.7004525052408719,-13.382502157970398,-12250790.05908173,1.3319977862885264e-05,3.90585630927678e-08
874,0.02416324863636501,-0.10819935525119534,1.3363576378396635,-343658.4131015446,0.12922945343215453,1.370731800933149,1.8008247313601817,787106.1052381529,2.610796442789941e-05,6.513363511688138e-08
875,0.12354365570852195,0.09561208176804345,1.092515960896007,7943499.217549369,0.15514534117762735,2.809161436527119,9.105489613446148,8072707.140066654,1.15539889669121e-05,2.8995039385808094e-08
876,-0.13827339646283354,0.08720852458103033,0.9640501807470102,-2376678.8250221442,0.1616353780194171,2.38063763446468,0.3232605543745281,-2418143.1257872763,1.3444723816753932e-05,2.2701218069645172e-08
877,-0.09080832485351518,-0.12898934847677063,0.8052822416584843,-4662912.827384994,0.22171892649166142,-1.5374849028789033,1.9001760418089828,261492.02647286846,1.451862637270626e-05,3.1821312483846896e-08
878,0.041954565734885776,-0.3207224885994914,0.8056173206870357,-10193306.450286819,0.33699620152370924,1.759661217937835,-7.81864914495014,-10179819.030039132,1e-05,2.8273140973193194e-08
879,-0.010371709081175849,0.3528043704701241,1.1850109329392633,-5826602.094956813,0.3559777950173472,0.7974689747173972,-5.3197916528150975,-5930239.053152122,1.1348605120769983e-05,3.4579618481281606e-08
880,0.0008033473179070495,0.07767023717504282,0.07939847654093074,-2489627.5573976934,0.07603506625004462,1.8800608955408746,0.0965699244253681,-1948424.063126021,1.3755987093535037e-05,3.611526051475997e-08
881,-0.19658651217063888,-0.00022184473206406197,1.028069249961422,422881.0346177891,0.18920559048274177,-2.7406351261330526,0.6475008934187118,-876634.1858593296,1.3769053054472878e-05,3.617991928810562e-08
882,0.06948009425995261,0.11925078810175228,1.5600805680518333,-8720971.36081213,0.16399097446429894,-0.381614803649133,-5.5928971289024485,-8086574.180895556,1e-05,6.005105850148648e-08
883,0.35894324398288113,-0.22648472630699348,1.2834582720544943,990004.8929874431,0.3718282333673869,0.5022162559362359,1.6150866091779517,-910812.2249773239,1.5082160201931294e-05,4.4974869043639765e-08
884,0.25471618786174194,0.13962701259612795,0.8010620334945806,3760775.0795109402,0.28320606755928907,-1.326507649278781,5.079037106997591,3637069.9690004326,1.0319362303239824e-05,1.3885317532166217e-08
885,-0.030364112412199325,0.11571020133516656,1.0267647526008565,10606874.378172796,0.1332673916297998,-1.0535188267033542,10.441388007302479,10812088.681293624,1.0528699820753786e-05,3.776427291098465e-08
886,-0.006339836390210763,-0.008453404991877009,0.7216556809220601,-9310827.640266273,0.008020510128928569,1.3619329403496303,-7.427196086522631,-9401764.954948755,1.0508014888152241e-05,3.305220039277475e-08
887,-0.015891589633628335,-0.004811927601343699,0.8732482339439669,-10381156.40638094,0.023145841932203415,0.24916906960323926,-8.231865335413575,-10297659.711472653,1.059589664093788e-05,6.717980731369055e-08
888,0.0949314047582349,-0.15128736010087934,1.0519959273853923,-11187309.89097222,0.20852312936861983,1.3696361579702556,-8.382468302421833,-10896639.535259949,1.0127781649972146e-05,4.563630356148047e-09
889,-0.05673087644960745,-0.19365582389742753,0.8553437191363099,12513528.933173757,0.1984368098367756,-1.0297064005631333,13.633746588219106,12522054.345395284,1.230828307138809e-05,4.642814358678645e-08
890,-0.02028068807056551,0.12631830610272185,0.21329496148515542,1294987.5810164083,0.12266397140345323,-2.557461576930893,1.030772639145678,2641758.8251547473,1.4350276158588854e-05,2.3493570404743048e-08
891,-0.12769187420855982,0.07451581014793525,1.144734605130665,-1650320.0367359389,0.20623384975390155,2.6597447932990175,1.0770311883166874,2547972.403637262,1.102115720173286e-05,9.914147589639403e-09
892,-0.020660084131625196,0.11518897029550206,0.5320729605034218,2298182.4998986702,0.09039140186671434,-2.964367522568627,0.6136307280614682,-867197.7619316065,1.6559235655149798e-05,2.79164699691753e-08
893,0.003779676511423941,0.0032352132726855844,0.5617361772395069,11270178.54357664,0.008635859871650777,1.2934476724764896,12.999855824178658,11305816.590400696,1.3323578345094622e-05,5.0236744002037154e-08
894,0.07030448588271702,0.06850968047351674,0.46238212189248984,-8205448.21766046,0.09327283961555055,0.05489694629741906,-6.159129848415904,-8329608.250339852,1e-05,1.542033501520812e-08
895,-0.044976710787006394,-0.10620069395966818,1.190962807361284,6404643.859557819,0.11025141128620329,-1.6057253587019065,7.662328743606391,6178822.6607553605,1.369654641444184e-05,3.501296040417958e-08
896,-0.04661244241539948,-0.0781445711692837,1.2646331429171052,-12921876.817953356,0.10789976894779142,1.5110409283409647,-13.12924534821036,-12916140.88271222,1.3323269160637202e-05,3.6075121093021005e-08
897,0.12149578509323042,-0.03491658772045503,0.9543577386275781,8250181.806641176,0.15591490655757637,1.2478642510309614,8.371068705345696,8884341.705562918,1.0480630988889664e-05,7.282287710449448e-09
898,-0.16162016093902204,0.2554485571029274,1.3935297370156754,6866229.621080935,0.30174779423917164,2.6419517658344756,7.788509614856129,6892348.999246119,1e-05,2.0184167509648806e-08
899,0.03155161440371675,-0.3135644422636781,1.0217918395991856,-3077824.41455351,0.3084421415872715,-0.16221900773347345,1.7951318376405694,-366203.8448556313,1.3639805992829967e-05,3.533792226048511e-08
900,0.529178308684616,0.11415915855126361,1.3582401317955728,-2098051.2316878643,0.6097615517650695,1.2643288925707967,2.0773504922705395,-4379307.334877969,1.3148125581028883e-05,1.9910901231755388e-08
901,0.02748049643035171,0.027162983166516913,1.221381916517237,-1699525.8983733673,1.898606939930761e-06,2.0057316364690645,1.625388962863578,-2716354.941591511,2.164726183808718e-05,6.91411509794525e-11
902,-0.054600208299431095,0.09669229664928086,0.6854045701256589,-8652099.892373841,0.11382371851916043,-1.2885204612285592,-8.465948493983936,-8503566.978180874,1.3184910882170038e-05,5.2336829966749e-08
903,0.019377797789563674,0.00962741774804229,0.8833570760680288,-10984199.663303629,0.01431876748989669,-2.027508669366985,-13.400125662055192,-11057279.667824112,1.5483887716770143e-05,4.0244062114431854e-08
904,0.23818887921821924,0.3717860122413797,0.942202051778629,-345120.9438111745,0.48792413002095314,0.40146784327166285,0.4968757683612875,3946436.128861278,1.4284637408307812e-05,3.062251418448821e-08
905,-0.020329072292067533,-0.04324683009927599,0.8994286348630411,-9133516.972044826,0.067617501219757,0.5421580808379832,-8.519395219160797,-8672262.319738647,1.2593571472069918e-05,3.0900168461041515e-08
906,0.05938445804065599,-0.21430127861784332,0.7093213868523708,-12156465.698798928,0.20430734234227158,-1.5099709588242574,-11.107924490703024,-12237210.22506837,1.1492564085179494e-05,3.471079267859286e-08
907,0.1746336125160396,-0.09480812008967686,1.3515718440368658,-2052105.4492832944,0.28024540174158724,0.9268447549046166,1.9535883498645294,2453898.170670666,1.5202026584279641e-05,3.251266615174775e-08
908,-0.07246359108149879,-0.40137895196751017,1.004921098213908,3721659.1031938083,0.37089865366578617,-0.7621036002765045,1.3423718768616468,3771363.2926940797,1.6513686750415063e-05,4.231047616492092e-08
909,-0.10973794196977336,-0.010122840666891762,0.19731564098706295,12693678.395781044,0.13455466747803932,-1.0103063445486122,14.123050004910853,12718113.520173743,1.3246240724764446e-05,4.9903533383313036e-08
910,-0.2498103940936606,0.2919511373154781,0.7279376690274189,-9645841.231486484,0.4231128501303977,0.1842657963874237,-6.945878692951994,-8676821.874946821,1e-05,6.372793780212234e-08
911,-0.006109680427277611,-0.014856485877540893,0.9337823367156395,818183.6443227958,0.09656159434271047,-1.7218070280850786,2.7115011339711717,2857634.1887322036,2.196812063218587e-05,3.901488464148865e-08
912,0.04795901412028474,0.04031547391182498,0.6242675284917042,6689842.552336637,0.08277226812318936,2.256307806631304,8.39066455223558,7405092.472844914,1.3668478469896308e-05,2.976451498034883e-08
913,-0.010524844015894281,-0.2451063038255766,1.436498620481948,12823868.834255997,0.23077335277578306,-2.494878887726549,12.52086591978364,12806074.376900446,1.038867048904009e-05,7.1976016488905446e-09
914,-0.16253067786782865,-0.0017321972335019517,0.5696529230853095,3324097.9350138195,0.14626635239188762,-1.5309210872614942,1.506074174562047,1806576.6554312794,1.5360710175652293e-05,2.8164785813731114e-08
915,0.09817668331654299,0.12193888277266221,0.9204806824610584,11571522.806959651,0.17612552749921923,1.366519727314926,13.320851203893675,11644177.327338124,1.2800969429659702e-05,3.323773777961377e-08
916,0.008769724163254587,0.06755328383021073,0.3019952956929181,-2467458.3990242425,0.05398492019362019,2.4603099258976573,0.4323539651076154,-1867484.7254372728,1.3135042409130858e-05,1.9233389013072742e-08
917,-0.14223528609435054,0.04899522127612556,0.6059596797439026,-9428168.999902273,0.1573261993558208,-0.2351719515965734,-8.132490347366954,-9295667.607755797,1.1580501067562451e-05,2.9268538288193524e-08
918,-0.20665807608724113,-0.050173972197225324,1.148601588442211,-12609710.23600733,0.2103633628320875,-2.576984712021062,-10.323488658148337,-12620395.495253716,1.0916803305432144e-05,1.7976535400630262e-08
919,-0.3343838994638496,0.36015321160922564,0.5855101351887992,9845364.429997504,0.4489801770671313,-1.902996116504214,8.290324331369096,8675275.164941968,1e-05,5.948687682312656e-08
920,0.23666950390858885,-0.10544089784025241,0.8500686676446881,-6102567.068872272,0.2550322294318876,-0.9491916612080499,-5.4714685488091135,-6270216.33829199,1.1061092870911138e-05,2.9781911382491792e-08
921,-0.13209444264273562,0.15529377481077233,0.6956617748987018,6521929.40922666,0.15769809973843923,1.2226199046623683,5.759664357092187,4509664.831789412,1.104043204805108e-05,3.77038111121803e-08
922,-0.42406766459719086,0.16897199509032557,0.44029663514031153,-3551286.114573801,0.5712028659273009,-3.1007746870639643,0.6857407601911072,5075490.889500855,1.1416789084971837e-05,2.1156924809200374e-08
923,-0.02544938589159889,-0.3047804546983263,0.2217961033056881,7921420.265898045,0.3130873567823093,-0.4127672536797053,7.3300516996138025,8408890.414697869,1e-05,1.993888710632523e-08
924,0.15355122715696226,0.283556300097358,0.36063681671388903,8430620.507464398,0.316609358556488,1.7168225882028894,6.9031690750181,8265145.419852389,1.0333069790569495e-05,2.5599878241906355e-08
925,0.20295583637226153,-0.17629988393914575,1.3476882583286172,597327.3980275076,0.2546076497039409,1.8960050078147492,2.098840435710537,723897.1824157988,2.8251016535068637e-05,1.0489089962683123e-07
926,0.2606813199878555,0.3368971187613576,0.012911508950189818,6690307.245356448,0.36664474304952693,0.2883266313859657,5.271030577278536,5368168.08027839,1.0636069860497872e-05,4.0561760574972786e-08
927,0.0037774651511231273,0.006374140037015746,1.5380393692915133,8478777.550011244,0.0028550655356522126,-2.6977695002635653,9.735480223566617,8374908.437011717,1.1706279280538492e-05,2.879642475451856e-08
928,-0.06845866719765134,0.19266957199483437,0.4004905302145783,-4118466.1269101035,0.2773299243615203,1.756219827117409,0.07426900742872518,771675.6472476737,1.2394902570778955e-05,5.32200571284212e-08
929,0.012749966708031874,0.02968180438478551,1.2902159316366892,7220228.198876448,0.036373182307663836,1.4785732904440474,7.794964845454577,7348938.88860829,1.0558268055222663e-05,7.781744641785111e-08
930,0.06000473061537361,0.04258224353303054,0.12846378302104222,-1884564.948986018,0.13134322141311588,2.6682232740429668,0.9155586290344637,1228668.1516220975,1.724930854705357e-05,3.038791586888474e-08
931,0.05303773144691648,0.0865583969324797,0.5530955182720599,1227683.3454284184,0.09708878975744847,2.0642251971861474,0.7919133635979773,90317.67894050803,1.1727708535126034e-05,1.6938318971823854e-08
932,-0.1371730080573139,0.03579510878122776,1.33052807447156,-7945505.569775895,0.1142247976298965,1.777205082876574,-5.588432304543724,-8491690.01495529,1e-05,2.5365650892931457e-08
933,-0.3680361738022211,-0.07879783269173318,0.910892663878371,-3674899.8623125628,0.3914278935606368,-3.0292010229883686,0.5292390464465255,-1372713.2988220167,1e-05,7.66929797241903e-08
934,-0.014724158746637177,-0.06965450874413895,0.4347115732077176,12870688.178802576,0.09170343369583266,-2.168552241815867,12.119864878564227,12882344.489965273,1.0964868210519317e-05,5.077315485845148e-08
935,0.0024105494611614932,-0.13931554392225562,1.1928643657849107,-5394057.147938188,0.22318906475368436,0.9982209053873065,-2.075918616980056,-1519693.3020201246,1.1949749545092523e-05,3.196310729659872e-08
936,-0.4514544054815165,0.23044753209915522,0.31556732946319443,-7574377.829786255,0.4864665767596087,2.03750541487764,-5.938241589718928,-8242691.53096034,1e-05,3.99359139168441e-08
937,0.15639021598912553,0.1483729773961148,1.3744570820566613,7355660.123564739,0.22191693321257205,2.227603819849113,8.691162343206361,7740092.298050971,1.1830732302927511e-05,3.895175112611724e-08
938,-0.2562458810265247,-0.05593112424692066,0.9724152131497338,11521262.973986149,0.26262485112289863,1.6356177171603903,11.290808115004065,11505184.82160377,1.0886554666952571e-05,1.886286525431001e-08
939,0.025480855598576647,0.2383604271263143,0.5107205758796028,6821611.913247526,0.23431663239956532,1.3764800886597028,6.556735734974978,6810651.4060524795,1.2760352263623527e-05,3.6559811265902575e-08
940,-0.08728412230371135,-0.18204956906558342,0.931287840203986,-5983038.8938882025,0.22570695857303663,-0.7035777538694109,-3.6083262653359727,-5486996.150762811,1.233094436780737e-05,2.64880041796292e-08
941,-0.038059757832885066,-0.09529751805510014,0.5549140467950666,-1258378.0581017304,0.18221736683445722,-1.9981441119660701,0.7379188099720331,2972604.4686087286,1.936999904083149e-05,2.1550559604711056e-08
942,0.13874501942365444,0.13396175669170643,0.3912654184709671,4797172.53039946,0.14538793378517506,2.9912963578077396,2.9000606059331977,1913344.5497686984,1.1809623280033423e-05,1.3606190075439266e-08
943,-0.20861234311710244,-0.12101569045690891,0.19094602827635382,-8007255.4430697085,0.19935580442668777,1.8956036236701368,-7.272872447454029,-9052903.223525465,1.0454660674193603e-05,1.9459344381834855e-08
944,-0.14331486998245233,0.11177240869292217,0.4466112241304954,11782504.809818514,0.1596976506363389,2.739259012041772,12.688883636614172,11619390.702496022,1.2602125524023115e-05,3.352129991614748e-08
945,0.3472131687473759,0.07269098032364786,0.2384421191488586,-5002440.2358613135,0.4378700479468246,-0.6068339444732074,-0.6274703565898512,-70848.03020939634,1.2261555804725183e-05,1.986233288833064e-08
946,0.39284217149438777,-0.13383797132117012,0.6567488032688459,-50215.675151474774,0.3741886777884148,1.4866016027143385,2.525777541802542,-1502617.4973098107,1.3571432632730599e-05,2.9036037664476407e-08
947,0.08603952742633288,0.13680797986247578,0.7096622468369989,-12160098.641971957,0.15701132559620432,-0.16915608596370893,-12.190131950999328,-12184829.51522798,1.2640381865670037e-05,4.062125947184671e-08
948,-0.3177062473161178,-0.13991999293599214,1.0772105096617854,-4369289.432076935,0.35249759337847975,3.1036450732160215,0.49204508016264054,-3629658.4047228084,1.1091290994375544e-05,1.872653492973983e-08
949,-0.07252883120545962,-0.03361019292276242,1.1708460391129865,-7109444.200883822,0.09685563657565502,1.9404826896511012,-6.386943216065912,-6427097.477740461,1.322909905924087e-05,3.2748686432317235e-08
950,0.3478534801532017,0.025049906444857033,1.4374862319096757,10877482.320904665,0.3537623868560556,-3.030765557143124,10.276847921195676,10925237.67256082,1e-05,2.8228383378872907e-08
951,0.07334110931067303,-0.14298011727426319,0.9470946648509122,2906335.2027809415,0.1623364854744195,0.15317314964673617,1.8894072644984747,3622748.875032817,1.645536506031544e-05,4.746591956114292e-08
952,0.10049095328302142,-0.09244159828652126,1.2118731194565127,-8497093.823920513,0.16189873876010666,-1.9868478283962405,-5.810806264017098,-7679191.371088648,1.0420069949139763e-05,2.2108944691566712e-08
953,0.25626457550073733,-0.24745560252206936,0.480921676546712,-11322880.891081823,0.3027756816776961,1.3895329635179574,-9.136451747448158,-11662718.832776295,1e-05,7.971946657752014e-08
954,0.06887142758240188,0.02143576907456631,0.2818022265914659,10337962.606731467,0.06636285780646207,-1.077045868942026,11.089134716577362,10219687.173749529,1.2754367105329171e-05,5.007940191507543e-08
955,-0.4268406369721283,0.013360990035156266,1.0967669192213343,-2801534.9490046278,0.450824976786692,2.4535469814198554,0.2919316008238839,-2239617.6049893433,1.1336867892619228e-05,2.9761186724113327e-08
956,-0.03290583740915908,-0.015237628258243992,1.562991804983755,-12316679.555401525,0.027434393292532087,-0.7827081159060533,-14.686022048211997,-12345136.520483784,1.577903913395694e-05,6.182682309548053e-08
957,0.09405114475963448,0.02554191217383309,1.204488730716546,3240775.6754957046,0.09917855991650867,-2.209335340339389,5.293029275015901,3208607.9608864794,1.5645796933767353e-05,5.654505337311893e-08
958,0.00908005377776459,0.0641383984320537,0.44514468170123017,10887698.186565105,0.05800267142760026,2.222143984458397,13.37297487526133,10797741.693964483,1.4508655346423645e-05,6.592380280656928e-08
959,0.5217261338476221,0.0965287315156281,0.60199117485504,5137739.229958374,0.5205892416020638,-0.6717967013430604,5.6111492950682065,5241280.554975257,1.0038945595569033e-05,9.736398892257932e-09
960,-0.23549633296817274,-0.030129796201706038,1.2005543972214296,7258677.113103084,0.2548849594597379,-2.8446347456408785,7.3510649451055246,7815271.1379166525,1.0194139088211915e-05,2.1571009801323775e-08
961,-0.19898523281977948,0.12778917370002496,0.6942433236340251,12514441.455989327,0.2471590199215866,0.9792862533888135,11.135704054145124,12511025.04072077,1.0056492689833655e-05,6.276965537072704e-09
962,0.10751748758393141,0.03197720401849536,1.1980713475257896,9081796.673635483,0.1053892534977505,2.220088825702202,9.014272601970369,8913110.553878171,1.0309694686153e-05,3.650710991955038e-08
963,0.17333636706694608,0.2146590884059835,1.530699354273706,-8015228.816586952,0.2852557615835571,0.15928438063906714,-4.927923322471482,-8099498.714944314,1.0002458658259835e-05,1.2293291299171388e-09
964,0.03328544079587396,-0.02156953473695272,0.5127994429937281,-7490342.640234529,0.036462272099411705,-2.504224475560006,-7.417806698820884,-7618060.859508462,1.2329478513844183e-05,4.2339149341258276e-08
965,0.014797942457370894,0.2974087076108819,1.0503472497431885,-6554575.44771175,0.30282115621523314,1.1901594967026818,-5.084926634772916,-6565500.279637495,1e-05,1.0600517605624262e-07
966,-0.0700377732362825,-0.06725446135361178,0.519743692793516,-7494977.465249747,0.0895279155653255,2.088609370121821,-6.972348953878181,-7633706.596108484,1.1848561910798274e-05,3.884538979574655e-08
967,0.2897281411786587,0.08614563208071241,0.41004123144684596,3296883.9326427523,0.2656055342225033,0.6123760768226619,0.5798523339850814,1655913.675144619,1.0777861714663835e-05,9.846350818529541e-09
968,-0.286942919456106,-0.05215518459751713,0.6249797170056155,6951205.16077764,0.2499833224099653,3.136103864794567,6.437936423938113,5101964.345517851,1.1733468985129778e-05,2.2936252979064435e-08
969,-0.062296681919897456,-0.3932740904804558,1.1412167914397804,1506404.041411765,0.376593791095756,0.8450512433699542,1.9162333287837758,273984.90001133294,3.4578199535876774e-05,8.324966274922378e-08
970,0.10608148089087903,-0.18363086136384776,1.5096563083139731,12735076.896751355,0.2011405692409721,-2.355168537008539,12.228036429987803,12730941.082918808,1.0143405477305845e-05,1.83853176033133e-09
971,-0.14255605033937205,-0.32817876315491,0.14294864916346575,-7376157.912172203,0.3273092514905595,2.3153469367648003,-7.497573312865407,-8521146.93759958,1.1284596744498268e-05,2.1654337979712894e-08
972,0.4235834243789085,-0.19209236541645433,0.407862505139718,-12947925.879490184,0.4764600931202175,0.18348666556381094,-10.486673055987456,-12948596.550890263,1e-05,2.3720376210451785e-08
973,0.074469208399193,0.11504295409359694,0.07909815433467558,-6616805.300744977,0.13841606209945195,0.43314315164853956,-6.206746309545359,-6822229.5704462435,1.283553091343904e-05,2.885249536689855e-08
974,0.012571168652294434,-0.09860464565787609,1.18919152161616,3529588.449727623,0.026622436835834932,0.9562257581269774,2.2229572045910504,-90765.93859294434,2.0705518234509172e-05,4.95625844190231e-08
975,0.06518737464230424,-0.06997991120144278,0.058108454598470895,-9800515.12955994,0.12006006144761613,1.1718254391765612,-9.94853699060792,-9416170.83390352,1.2368751228729201e-05,2.6615182345271913e-08
976,-0.16385939743382835,-0.13217446743087946,0.3336510895290089,11160919.677510694,0.24197708311096425,-2.836869560140395,11.872511283830852,11473359.41917411,1.23021163756361e-05,2.39893472666099e-08
977,0.001641432463015922,0.0729523853151993,1.4175686483999566,883358.4284370504,0.042323665283736246,0.7470753964382247,1.109331365449534,-1128519.6839938504,1.9914307865884973e-05,5.6013038790310584e-08
978,-0.03406005776785348,-0.10645193085447356,1.1809041920056818,-7923238.554868515,0.1367261135526353,3.129106764550713,-5.9830848418988225,-7205693.38310691,1.1614632024145045e-05,2.4282070898690507e-08
979,0.09045664927889356,0.4219546172775164,1.4593402368755346,-11868468.678236116,0.39813355760855257,2.875135050858189,-8.627701676157416,-12064420.597959355,1e-05,1.8354590030066628e-09
980,-0.01594245275071556,-0.05737027435625425,0.9201001048391704,5220958.848069556,0.056400943002412954,-2.002350748438894,7.111738144351255,4970782.980260518,1.590661782790084e-05,4.1519938408227626e-08
981,-0.027040265115247233,0.06203825248667231,1.0436941254431358,-1086573.0089343432,0.05782161287710274,1.7468239088046287,0.9872392892905679,-1142794.9242511517,1.8338223415177613e-05,3.941704368350623e-08
982,0.004116379158061579,0.002382357476781606,1.0201330270789706,-1686844.570051523,1.7196803960117883e-05,2.310879852205264,1.8415341990776626,-2112267.4770790343,1.719357746254653e-05,5.438102609257002e-11
983,-0.16526415419879445,-0.04260487915940638,0.5854579812799448,-12053959.222995546,0.1552097436328386,-1.6407890686361188,-9.978340987974184,-12081269.736884097,1.049907147220045e-05,7.92176940000712e-09
984,0.14864535968283116,-0.5610152577122287,0.6030266558360535,11573646.736032903,0.6314242359972257,-3.0503526395085636,10.35991123214882,11938424.489197472,1e-05,4.3316887173969586e-08
985,0.013252669549221847,-0.010867608048772225,1.3641939627098454,-9064219.961666133,0.025954306426886956,0.09229365954576062,-9.882687992283838,-8894879.76802152,1.5112135565379025e-05,3.6256280605524995e-08
986,-0.021176176283794142,-0.06639581305162941,0.5027289027993785,4087061.914945103,0.08847612613490517,-1.5567947544646175,7.134241995790211,4805663.025158282,1.700696232256507e-05,3.479219267560787e-08
987,0.09249911351316124,-0.028612806851583836,0.45438317953176716,-11881082.865873648,0.08999131555201223,1.6271370515563996,-15.656358827836161,-11921733.886854352,1.6203646017883333e-05,4.962916814306667e-08
988,0.16282633761582077,0.177725000671513,1.1881810035778433,-1893698.9502925258,0.23905749742311613,0.026833513664334785,0.9089001054216224,-1083798.9470209363,2.06591721269297e-05,3.4041554251979925e-08
989,-0.0077684163122851745,-0.032903261351752,0.8019030551364884,-10470025.867681965,0.03497180651849286,1.9965915579294349,-13.290288722444744,-10466853.223383622,1.6104374894520315e-05,2.5407271179927818e-08
990,-0.05006117813451197,-0.11927209697158443,0.5295727683593342,5591126.743106693,0.12915712921267475,-1.7075596506452897,6.893938942190093,5599551.717485192,1.2643432226050136e-05,1.861571990176152e-08
991,0.09074052935733835,-0.030459167305961866,0.752767129875969,-5035841.432813811,0.09557886648797755,-1.2507482748426182,-5.922871899745472,-5177968.803539489,1.3881688781747878e-05,2.5043153430631465e-08
992,0.17021597892570137,-0.2898585915384877,1.1679602862810448,7325407.273560811,0.26793400109048154,-1.5945641345688473,6.576583586836854,5125308.482661921,1.0479666533019903e-05,1.14206317385691e-08
993,0.007980326453040565,-0.00757088023198561,0.8937264689176523,-533690.4207076356,2.0513327198139613e-05,-2.694564108867647,2.0457512469594197,-1900422.5629355463,1.126470530758849e-05,5.5303074052117306e-11
994,0.006650897743401842,-0.0017029754448863767,0.6727047408217386,-3414213.048067948,0.003613350222731615,-0.6356663348151181,-2.72032271370595,-3714900.357768773,1.1266397821795798e-05,2.532795643591595e-08
995,-0.2529917277635127,0.1767210242482091,1.2183352239911729,-3446967.395601848,0.3226311961257253,-2.1900794818922247,-3.045988048866968,-2679501.5127836373,1.2075880388115176e-05,3.518441335788433e-08
996,-0.09734020322540715,0.16914868452437476,1.1026030108605545,12854073.972274616,0.184004879643195,3.0752790590555983,14.002656143016683,12852539.672865514,1.2065294588855468e-05,3.227022795086668e-08
997,0.34830054048872267,0.3856492327934295,0.9176426342742949,-5628629.146112091,0.4401498217800753,1.0141829947687575,-4.634449284801908,-7519376.826067015,1e-05,1.654300016528312e-08
998,0.007565789786599371,-0.007723123970275997,1.0008712698845101,9121443.806165833,0.009579896766964554,-2.7876308799819083,10.696948252162056,9096181.547202166,1.2854676436552948e-05,3.115004983393512e-08
999,-0.010266187999088303,0.0638066339131176,1.0972020677517131,-11959624.104158685,0.06600365404167517,0.920568357291078,-11.594190825617746,-11951713.218530286,1.265132202162274e-05,2.913540683101912e-08
